id,title,role_bucket,seniority,is_remote,skills,skill
5679338908,"Sr Analyst, Analytics, Data Engineering",Data Engineer,Mid,False,r,r
5679317556,Junior Java full stack developer/Data analyst,Data Analyst,Junior,False,r,r
5679312722,"Analyst, Strategic Initiatives Data and Business",Data Analyst,Mid,True,r,r
5679312735,Manager Clinical Data Analytics,Other,Mid,False,r,r
5679312686,Senior Analyst,Data Analyst,Senior,False,sql|r,sql
5679312686,Senior Analyst,Data Analyst,Senior,False,sql|r,r
5679264492,"Senior Data Engineer, Data Science Infrastructure",Data Engineer,Senior,False,r,r
5679260383,Provider Network Data Integrity Analyst,Data Analyst,Mid,False,r,r
5679257824,"Behavior Technician, willing to train",Other,Mid,False,r,r
5679257826,Registered Behavior Technician,Other,Mid,False,r,r
5679257827,Registered Behavior Technician,Other,Mid,False,r,r
5679257819,Registered Behavior Technician - Home Based,Other,Mid,False,r,r
5679257823,Registered Behavior Technician,Other,Mid,False,r,r
5679257813,"Behavior Technician, Willing to Train",Other,Mid,False,r,r
5679247878,Sr Data Engineer,Data Engineer,Mid,False,r,r
5679144368,Senior Data Engineer,Data Engineer,Senior,False,r,r
5679131514,Data Analyst,Data Analyst,Mid,False,python|r,python
5679131514,Data Analyst,Data Analyst,Mid,False,python|r,r
5679129230,Data Analyst,Data Analyst,Mid,False,r,r
5679129157,Data Analyst: II,Data Analyst,Mid,False,power bi|r,power bi
5679129157,Data Analyst: II,Data Analyst,Mid,False,power bi|r,r
5679129176,Business Operations Analyst,Data Analyst,Mid,False,r,r
5679129169,Helpdesk Data Entry Analyst,Data Analyst,Junior,False,r,r
5679128869,Inventory Specialist,Other,Mid,True,sql|r,sql
5679128869,Inventory Specialist,Other,Mid,True,sql|r,r
5679128851,Senior Manager – AI & Analytics Delivery,Other,Senior,False,r|machine learning,r
5679128851,Senior Manager – AI & Analytics Delivery,Other,Senior,False,r|machine learning,machine learning
5679128633,Senior Business Data Analyst / Senior Scrum Master,Data Analyst,Senior,False,r,r
5679127619,Data Analyst,Data Analyst,Mid,False,r,r
5679125709,Business Analyst 1672,Data Analyst,Mid,False,r,r
5679125398,Principal / Sr. Principal Data Scientist – ML and Predictive Analytics,Data Scientist,Senior,False,r,r
5679125307,Business Intelligence and Analytics Analyst III,BI Analyst,Mid,False,r,r
5679124931,Data & Analytics Product | Product Portfolio Operations Manager,Other,Mid,False,excel|r,excel
5679124931,Data & Analytics Product | Product Portfolio Operations Manager,Other,Mid,False,excel|r,r
5679121724,Information and Database Specialist,Other,Mid,False,r,r
5679117253,Data Driven Marketing Analyst - Audience Design,Data Analyst,Mid,False,r,r
5679117235,Senior Data Analytics Consultant,Other,Senior,False,r,r
5679104738,Senior Data Integration Specialist I 1733858,Other,Senior,False,r,r
5679102621,Research Data Analyst 2,Data Analyst,Mid,False,r,r
5679081777,Data Analyst,Data Analyst,Mid,False,excel|r,excel
5679081777,Data Analyst,Data Analyst,Mid,False,excel|r,r
5679072612,"Senior Data Engineer -Hybrid -Baltimore City, MD",Data Engineer,Senior,False,r,r
5679069098,REMOTE Product Owner Data and Analytics,Other,Mid,True,power bi|r|snowflake,power bi
5679069098,REMOTE Product Owner Data and Analytics,Other,Mid,True,power bi|r|snowflake,r
5679069098,REMOTE Product Owner Data and Analytics,Other,Mid,True,power bi|r|snowflake,snowflake
5679067477,Senior Programmer,Other,Senior,False,r,r
5679063387,Franchise Business Analyst,Data Analyst,Mid,False,r,r
5679062691,Business Analyst 1624R,Data Analyst,Mid,False,r,r
5679060003,Business Intelligence Analyst,BI Analyst,Mid,True,r,r
5679059871,Financial Analyst - Healthcare,Data Analyst,Mid,False,r,r
5679059748,Data Management Analyst II,Data Analyst,Mid,False,r,r
5679059629,Workforce & Talent Insights Analyst,Data Analyst,Mid,False,r,r
5679059152,Data Engineering & Analytics Intern,Data Engineer,Mid,False,r,r
5679057974,Data Systems Support Analyst,Data Analyst,Mid,False,r,r
5679052070,Sr. HR Data Analyst,Data Analyst,Senior,False,r,r
5679049418,"Software Engineer II, Consumer",Data Engineer,Mid,False,r,r
5679045501,Data Analyst - Claims,Data Analyst,Mid,True,r,r
5679045003,Senior Data Analyst,Data Analyst,Senior,False,r,r
5679036059,Data Hub Analyst,Data Analyst,Mid,False,r,r
5679031386,Senior Data Analyst,Data Analyst,Senior,True,r,r
5679025848,"RBT | Kansas City, Kansas",Other,Mid,False,r,r
5679022294,Senior Analyst - Business Valuation,Data Analyst,Senior,False,r,r
5678974423,Data Analyst/FM Product Consultant,Data Analyst,Mid,False,r,r
5678974444,Data Analyst/FM Product Consultant,Data Analyst,Mid,False,r,r
5678973591,Global Marketing Data & Analytics Analyst,Data Analyst,Mid,False,sql|excel|r,sql
5678973591,Global Marketing Data & Analytics Analyst,Data Analyst,Mid,False,sql|excel|r,excel
5678973591,Global Marketing Data & Analytics Analyst,Data Analyst,Mid,False,sql|excel|r,r
5678973386,Global Marketing Data & Analytics Analyst,Data Analyst,Mid,False,sql|excel|r,sql
5678973386,Global Marketing Data & Analytics Analyst,Data Analyst,Mid,False,sql|excel|r,excel
5678973386,Global Marketing Data & Analytics Analyst,Data Analyst,Mid,False,sql|excel|r,r
5678973297,"Senior Data Quality Analyst, Master Data, Procurement Services",Data Analyst,Senior,False,r,r
5678972931,Technical Celonis Developer,Other,Mid,False,sql|python|etl,sql
5678972931,Technical Celonis Developer,Other,Mid,False,sql|python|etl,python
5678972931,Technical Celonis Developer,Other,Mid,False,sql|python|etl,etl
5678972610,Data Analyst,Data Analyst,Mid,False,r,r
5678972162,Global Marketing Data & Analytics Analyst,Data Analyst,Mid,False,sql|excel|r,sql
5678972162,Global Marketing Data & Analytics Analyst,Data Analyst,Mid,False,sql|excel|r,excel
5678972162,Global Marketing Data & Analytics Analyst,Data Analyst,Mid,False,sql|excel|r,r
5678971826,Senior VMO Operations Specialist (Project Hire),Other,Senior,False,r,r
5678971636,Senior VMO Operations Specialist (Project Hire),Other,Senior,False,r,r
5678970897,"Electric Incident Specialist, Principal",Other,Senior,False,r,r
5678970750,"Electric Incident Specialist, Principal",Other,Senior,False,r,r
5678970791,"Electric Incident Specialist, Principal",Other,Senior,False,r,r
5678970752,"Electric Incident Specialist, Principal",Other,Senior,False,r,r
5678970624,"Electric Incident Specialist, Principal",Other,Senior,False,r,r
5678970703,"Electric Incident Specialist, Principal",Other,Senior,False,r,r
5678970732,"Electric Incident Specialist, Principal",Other,Senior,False,r,r
5678970702,"Electric Incident Specialist, Principal",Other,Senior,False,r,r
5678970782,"Electric Incident Specialist, Principal",Other,Senior,False,r,r
5678970640,"Electric Incident Specialist, Principal",Other,Senior,False,r,r
5678970826,"Electric Incident Specialist, Principal",Other,Senior,False,r,r
5678970837,"Electric Incident Specialist, Principal",Other,Senior,False,r,r
5678970602,"Electric Incident Specialist, Principal",Other,Senior,False,r,r
5678970604,"Electric Incident Specialist, Principal",Other,Senior,False,r,r
5678970683,"Electric Incident Specialist, Principal",Other,Senior,False,r,r
5678970712,"Electric Incident Specialist, Principal",Other,Senior,False,r,r
5678970731,"Electric Incident Specialist, Principal",Other,Senior,False,r,r
5678970734,"Electric Incident Specialist, Principal",Other,Senior,False,r,r
5678970749,"Electric Incident Specialist, Principal",Other,Senior,False,r,r
5678970802,"Electric Incident Specialist, Principal",Other,Senior,False,r,r
5678970757,"Electric Incident Specialist, Principal",Other,Senior,False,r,r
5678970662,Expert Data Analyst,Data Analyst,Mid,False,r,r
5678970760,"Electric Incident Specialist, Principal",Other,Senior,False,r,r
5678970623,"Electric Incident Specialist, Principal",Other,Senior,False,r,r
5678970788,"Electric Incident Specialist, Principal",Other,Senior,False,r,r
5678970609,"Electric Incident Specialist, Principal",Other,Senior,False,r,r
5678970763,"Electric Incident Specialist, Principal",Other,Senior,False,r,r
5678970656,"Electric Incident Specialist, Principal",Other,Senior,False,r,r
5678970746,"Electric Incident Specialist, Principal",Other,Senior,False,r,r
5678970289,"Electric Incident Specialist, Principal",Other,Senior,False,r,r
5678970418,"Electric Incident Specialist, Principal",Other,Senior,False,r,r
5678970568,"Electric Incident Specialist, Principal",Other,Senior,False,r,r
5678970468,"Electric Incident Specialist, Principal",Other,Senior,False,r,r
5678970477,"Electric Incident Specialist, Principal",Other,Senior,False,r,r
5678970509,"Electric Incident Specialist, Principal",Other,Senior,False,r,r
5678970315,"Electric Incident Specialist, Principal",Other,Senior,False,r,r
5678970362,"Electric Incident Specialist, Principal",Other,Senior,False,r,r
5678970512,"Electric Incident Specialist, Principal",Other,Senior,False,r,r
5678970573,"Electric Incident Specialist, Principal",Other,Senior,False,r,r
5678970486,"Electric Incident Specialist, Principal",Other,Senior,False,r,r
5678970223,"Electric Incident Specialist, Principal",Other,Senior,False,r,r
5678970150,"Electric Incident Specialist, Principal",Other,Senior,False,r,r
5678970177,"Electric Incident Specialist, Principal",Other,Senior,False,r,r
5678970171,"Electric Incident Specialist, Principal",Other,Senior,False,r,r
5678970145,"Electric Incident Specialist, Principal",Other,Senior,False,r,r
5678970278,"Electric Incident Specialist, Principal",Other,Senior,False,r,r
5678970157,"Electric Incident Specialist, Principal",Other,Senior,False,r,r
5678970104,"Electric Incident Specialist, Principal",Other,Senior,False,r,r
5678970243,"Electric Incident Specialist, Principal",Other,Senior,False,r,r
5678970122,"Electric Incident Specialist, Principal",Other,Senior,False,r,r
5678970154,"Electric Incident Specialist, Principal",Other,Senior,False,r,r
5678970194,"Electric Incident Specialist, Principal",Other,Senior,False,r,r
5678970265,"Electric Incident Specialist, Principal",Other,Senior,False,r,r
5678970264,"Electric Incident Specialist, Principal",Other,Senior,False,r,r
5678970260,"Electric Incident Specialist, Principal",Other,Senior,False,r,r
5678970248,"Electric Incident Specialist, Principal",Other,Senior,False,r,r
5678970209,"Electric Incident Specialist, Principal",Other,Senior,False,r,r
5678970180,"Electric Incident Specialist, Principal",Other,Senior,False,r,r
5678970115,"Electric Incident Specialist, Principal",Other,Senior,False,r,r
5678970195,"Electric Incident Specialist, Principal",Other,Senior,False,r,r
5678970250,"Electric Incident Specialist, Principal",Other,Senior,False,r,r
5678970130,"Electric Incident Specialist, Principal",Other,Senior,False,r,r
5678970135,"Electric Incident Specialist, Principal",Other,Senior,False,r,r
5678970216,"Electric Incident Specialist, Principal",Other,Senior,False,r,r
5678970152,"Electric Incident Specialist, Principal",Other,Senior,False,r,r
5678970225,"Electric Incident Specialist, Principal",Other,Senior,False,r,r
5678970257,"Electric Incident Specialist, Principal",Other,Senior,False,r,r
5678970197,"Electric Incident Specialist, Principal",Other,Senior,False,r,r
5678970231,"Electric Incident Specialist, Principal",Other,Senior,False,r,r
5678970259,"Electric Incident Specialist, Principal",Other,Senior,False,r,r
5678970221,"Electric Incident Specialist, Principal",Other,Senior,False,r,r
5678970244,"Electric Incident Specialist, Principal",Other,Senior,False,r,r
5678970137,"Electric Incident Specialist, Principal",Other,Senior,False,r,r
5678970246,"Electric Incident Specialist, Principal",Other,Senior,False,r,r
5678970021,"Electric Incident Specialist, Principal",Other,Senior,False,r,r
5678970050,"Electric Incident Specialist, Principal",Other,Senior,False,r,r
5678970065,"Electric Incident Specialist, Principal",Other,Senior,False,r,r
5678970058,"Electric Incident Specialist, Principal",Other,Senior,False,r,r
5678970023,"Electric Incident Specialist, Principal",Other,Senior,False,r,r
5678970025,"Electric Incident Specialist, Principal",Other,Senior,False,r,r
5678970055,"Electric Incident Specialist, Principal",Other,Senior,False,r,r
5678970011,"Electric Incident Specialist, Principal",Other,Senior,False,r,r
5678970075,"Electric Incident Specialist, Principal",Other,Senior,False,r,r
5678970083,"Electric Incident Specialist, Principal",Other,Senior,False,r,r
5678970034,"Electric Incident Specialist, Principal",Other,Senior,False,r,r
5678970066,"Electric Incident Specialist, Principal",Other,Senior,False,r,r
5678970012,"Electric Incident Specialist, Principal",Other,Senior,False,r,r
5678970081,"Electric Incident Specialist, Principal",Other,Senior,False,r,r
5678970044,"Electric Incident Specialist, Principal",Other,Senior,False,r,r
5678970027,"Electric Incident Specialist, Principal",Other,Senior,False,r,r
5678970070,"Electric Incident Specialist, Principal",Other,Senior,False,r,r
5678970072,"Electric Incident Specialist, Principal",Other,Senior,False,r,r
5678970059,"Electric Incident Specialist, Principal",Other,Senior,False,r,r
5678970088,"Electric Incident Specialist, Principal",Other,Senior,False,r,r
5678970080,"Electric Incident Specialist, Principal",Other,Senior,False,r,r
5678970033,"Electric Incident Specialist, Principal",Other,Senior,False,r,r
5678970039,"Electric Incident Specialist, Principal",Other,Senior,False,r,r
5678970045,"Electric Incident Specialist, Principal",Other,Senior,False,r,r
5678970037,"Electric Incident Specialist, Principal",Other,Senior,False,r,r
5678970048,"Electric Incident Specialist, Principal",Other,Senior,False,r,r
5678970089,"Electric Incident Specialist, Principal",Other,Senior,False,r,r
5678970014,"Electric Incident Specialist, Principal",Other,Senior,False,r,r
5678970032,"Electric Incident Specialist, Principal",Other,Senior,False,r,r
5678970038,"Electric Incident Specialist, Principal",Other,Senior,False,r,r
5678970000,"Electric Incident Specialist, Principal",Other,Senior,False,r,r
5678970002,"Electric Incident Specialist, Principal",Other,Senior,False,r,r
5678964208,Project Coordinator - Chemical Dependency Grant,Other,Mid,False,r,r
5678962660,Data Analyst,Data Analyst,Mid,False,r,r
5678958114,Pricing & Cost Analyst,Data Analyst,Mid,False,r,r
5678958025,Epic Clarity Analyst/ SQL Developer,Data Analyst,Mid,False,excel|r,excel
5678958025,Epic Clarity Analyst/ SQL Developer,Data Analyst,Mid,False,excel|r,r
5678957351,"Senior Manager, R&D Product Manager",Other,Senior,False,r,r
5678956627,IT Business Data Analyst,Data Analyst,Mid,False,r,r
5678955374,Data Analyst,Data Analyst,Mid,False,r,r
5678955129,Program Support Specialist,Other,Mid,False,excel|r,excel
5678955129,Program Support Specialist,Other,Mid,False,excel|r,r
5678954976,"Assistant Vice President, Procurement Analytics & Reporting",Other,Mid,False,excel|r,excel
5678954976,"Assistant Vice President, Procurement Analytics & Reporting",Other,Mid,False,excel|r,r
5678954287,Information Management Architect,Other,Mid,True,r,r
5678953799,Senior Digital Analyst,Data Analyst,Senior,False,bigquery|r|dbt,bigquery
5678953799,Senior Digital Analyst,Data Analyst,Senior,False,bigquery|r|dbt,r
5678953799,Senior Digital Analyst,Data Analyst,Senior,False,bigquery|r|dbt,dbt
5678953648,Patient Blood Management Programs Manager- FT - Days - Quality,Other,Mid,False,r,r
5678953245,"Senior Data Manager / Analyst, DOS EUR/ACE",Data Analyst,Senior,False,r,r
5678952879,Sr Solution Architect,Other,Mid,True,r,r
5678952519,GIS Analyst II,Data Analyst,Mid,False,r,r
5678952169,Principal AWS Solutions Architect and Engineer,Data Engineer,Senior,False,r,r
5678952047,Senior Data Analyst,Data Analyst,Senior,True,excel|r,excel
5678952047,Senior Data Analyst,Data Analyst,Senior,True,excel|r,r
5678948075,Senior Data Analyst,Data Analyst,Senior,False,r,r
5678947790,Pharmacy Data Analyst,Data Analyst,Mid,True,r,r
5678947698,Performance Marketing Analyst - Conversion,Data Analyst,Mid,False,r,r
5678947064,AI QA Engineer,Data Engineer,Mid,False,r,r
5678944482,Data Engineer,Data Engineer,Mid,False,r,r
5678943980,"Application Support Engineer (Tampa, Florida)",Data Engineer,Mid,False,r|aws|azure,r
5678943980,"Application Support Engineer (Tampa, Florida)",Data Engineer,Mid,False,r|aws|azure,aws
5678943980,"Application Support Engineer (Tampa, Florida)",Data Engineer,Mid,False,r|aws|azure,azure
5678943821,Support Analyst- Branch Voice and Data,Data Analyst,Mid,False,r,r
5678943665,Evaluator: CT Hope- 6902,Other,Mid,False,r,r
5678943413,Systems Engineer (TS/SCI with Poly Required),Data Engineer,Mid,False,excel|r,excel
5678943413,Systems Engineer (TS/SCI with Poly Required),Data Engineer,Mid,False,excel|r,r
5678941992,"Process Development Engineer III, Data Science",Data Engineer,Mid,False,r|machine learning,r
5678941992,"Process Development Engineer III, Data Science",Data Engineer,Mid,False,r|machine learning,machine learning
5679129415,"Senior Analyst, IS Business Intelligence",BI Analyst,Senior,False,tableau|r,tableau
5679129415,"Senior Analyst, IS Business Intelligence",BI Analyst,Senior,False,tableau|r,r
5679087983,Business Intelligence Analyst,BI Analyst,Mid,False,power bi|r,power bi
5679087983,Business Intelligence Analyst,BI Analyst,Mid,False,power bi|r,r
5679048872,Business Intelligence & Workflow Automation Senior Analyst,BI Analyst,Senior,False,r,r
5678956187,Sr Business Intelligence Analyst,BI Analyst,Mid,False,r,r
5678955798,"Business Intelligence Analyst ll, Commercial",BI Analyst,Mid,False,r,r
5678931625,Business Intelligence Analyst II,BI Analyst,Mid,True,r,r
5678923059,Business Intelligence Analyst,BI Analyst,Mid,False,r,r
5678857669,Business Intelligence Analyst l - Commercial,BI Analyst,Mid,False,r,r
5678847040,"Data Engineering Manager III, AWS Supply Chain Operations",Data Engineer,Mid,False,r,r
5678839259,Business Insights Analyst (Property Claims),Data Analyst,Mid,False,r,r
5678774293,"Data Engineering Manager III, AWS Supply Chain Operations",Data Engineer,Mid,False,r,r
5678757854,Lead Business Intelligence Analyst,BI Analyst,Senior,True,tableau|r,tableau
5678757854,Lead Business Intelligence Analyst,BI Analyst,Senior,True,tableau|r,r
5678751952,Business Intelligence Analyst,BI Analyst,Mid,False,r,r
5678737695,Business Intelligence Analyst,BI Analyst,Mid,False,r,r
5678714578,Contact Center Business Intelligence Analyst,BI Analyst,Mid,True,r,r
5678713088,Business Intelligence Analyst l - Commercial,BI Analyst,Mid,False,r,r
5678713091,"Business Intelligence Analyst ll, Commercial",BI Analyst,Mid,False,r,r
5678586930,Sr. Intelligent Automation Analyst - Business Transformation,Data Analyst,Senior,False,r,r
5678536937,Business Intelligence Analyst,BI Analyst,Mid,False,power bi|r,power bi
5678536937,Business Intelligence Analyst,BI Analyst,Mid,False,power bi|r,r
5678509530,"Sr Analyst, Business Intelligence",BI Analyst,Mid,False,r,r
5678503086,"Data Engineering Manager III, AWS Supply Chain Operations",Data Engineer,Mid,False,r,r
5678497154,Sr. Business Intelligence Analyst,BI Analyst,Senior,False,tableau|r,tableau
5678497154,Sr. Business Intelligence Analyst,BI Analyst,Senior,False,tableau|r,r
5678472178,Commercial Development Analyst,Data Analyst,Mid,False,r,r
5677950814,Business Intelligence Analyst Level 1,BI Analyst,Mid,False,r,r
5677949676,"Analyst, Business Intelligence",BI Analyst,Mid,False,r,r
5677930023,Supply Chain Intern,Other,Mid,False,r,r
5677916278,"EPIC Business Intelligence Developer, Sr",BI Analyst,Mid,False,r,r
5677799365,Business Intelligence Developer of Analytics & Data Insights,BI Analyst,Mid,False,r,r
5677738990,Sr Business Intelligence Analyst,BI Analyst,Mid,False,power bi|r,power bi
5677738990,Sr Business Intelligence Analyst,BI Analyst,Mid,False,power bi|r,r
5677725790,Business Intelligence Senior Insights Analyst,BI Analyst,Senior,False,r|data modeling,r
5677725790,Business Intelligence Senior Insights Analyst,BI Analyst,Senior,False,r|data modeling,data modeling
5677719822,"Epic Senior Analyst, Business Intelligence",BI Analyst,Senior,False,r|aws,r
5677719822,"Epic Senior Analyst, Business Intelligence",BI Analyst,Senior,False,r|aws,aws
5677693854,Supply Chain Sourcing Manager - FT - Days - MSS,Other,Mid,False,r,r
5677626884,Enterprise Insights Analyst,Data Analyst,Mid,False,sql|python|r|snowflake,sql
5677626884,Enterprise Insights Analyst,Data Analyst,Mid,False,sql|python|r|snowflake,python
5677626884,Enterprise Insights Analyst,Data Analyst,Mid,False,sql|python|r|snowflake,r
5677626884,Enterprise Insights Analyst,Data Analyst,Mid,False,sql|python|r|snowflake,snowflake
5677625406,Business Intelligence Analyst,BI Analyst,Mid,False,r,r
5677625328,About This Role,Other,Mid,False,r,r
5677580677,Senior Data Engineer,Data Engineer,Senior,False,r,r
5677566225,Business Intelligence Analyst,BI Analyst,Mid,False,r,r
5677435358,"Business Intelligence Analyst, Commercial Excellence",BI Analyst,Mid,False,r,r
5677421136,Business Intelligence Engineer,Data Engineer,Mid,False,r,r
5676696341,Business Intelligence Analyst,BI Analyst,Mid,False,r,r
5676545474,"Sr. Consultant, AVS, Amazon Vendor Services",Other,Senior,False,r,r
5676534655,Senior Data Engineer,Data Engineer,Senior,False,r,r
5676336786,Market Development Manager - Retail Spirits,Other,Mid,False,r,r
5675972976,Senior Marketing Analyst,Data Analyst,Senior,False,r,r
5675760587,"Sr. Consultant, AVS, Amazon Vendor Services",Other,Senior,False,r,r
5675658643,Supply Chain Intern,Other,Mid,False,r,r
5674965126,Data and Business Analyst I,Data Analyst,Mid,False,r,r
5674908199,Business Intelligence Analyst,BI Analyst,Mid,False,r,r
5674876313,IT Business Intelligence Analyst,BI Analyst,Mid,False,r,r
5674805182,Senior Business Intelligence and Enterprise Data Business Systems Analyst - Onsite,BI Analyst,Senior,False,r,r
5674773388,Business Intelligence Developer Financial Analyst,BI Analyst,Mid,False,r,r
5674753637,Senior Business Intelligence Analyst,BI Analyst,Senior,False,r,r
5674738548,"Analyst, Business Intelligence",BI Analyst,Mid,False,r,r
5674294799,Business Intelligence Analyst,BI Analyst,Mid,False,r,r
5673989406,Business Intelligence Analyst I,BI Analyst,Mid,False,r,r
5673953748,Business Intelligence Analyst,BI Analyst,Mid,False,r,r
5673904760,ITSD – Business Intelligence Analyst II,BI Analyst,Mid,False,r,r
5673893520,ERP Systems Manager,Other,Mid,False,r,r
5673892389,Business Intelligence Analyst,BI Analyst,Mid,False,r,r
5673888328,Business Intelligence Analyst,BI Analyst,Mid,False,r,r
5673823798,"Actuary, Senior",Other,Senior,False,r,r
5673819715,Business Intelligence Analyst,BI Analyst,Mid,False,r,r
5673805951,ERP Systems & Business Intelligence Analyst,BI Analyst,Mid,False,r,r
5673716967,Business Intelligence Analyst II,BI Analyst,Mid,False,r,r
5673497930,"Analyst, Business Intelligence",BI Analyst,Mid,False,r,r
5673359696,BI Team Lead,BI Analyst,Senior,False,r,r
5673325685,Senior Data Governance Analyst,Data Analyst,Senior,False,r,r
5673290005,Business Intelligence Analyst,BI Analyst,Mid,False,r,r
5673267359,Business Intelligence Analyst,BI Analyst,Mid,False,r,r
5673257043,Business Intelligence Analyst - Internship,BI Analyst,Mid,False,r,r
5673187118,Business Intelligence Analyst II,BI Analyst,Mid,False,sql|power bi|r,sql
5673187118,Business Intelligence Analyst II,BI Analyst,Mid,False,sql|power bi|r,power bi
5673187118,Business Intelligence Analyst II,BI Analyst,Mid,False,sql|power bi|r,r
5673185985,Business Intelligence Analyst (Power BI),BI Analyst,Mid,False,r,r
5673156438,Senior Business Intelligence Analyst,BI Analyst,Senior,False,r,r
5673154091,Business Intelligence Analyst,BI Analyst,Mid,False,r,r
5672635074,Data & Business Intelligence Analyst,BI Analyst,Mid,False,r,r
5672587982,Business Intelligence Analyst - Analytics Engineer Hybrid (USA Remote),Data Engineer,Mid,True,r|dbt,r
5672587982,Business Intelligence Analyst - Analytics Engineer Hybrid (USA Remote),Data Engineer,Mid,True,r|dbt,dbt
5672587978,Business Intelligence Analyst - Analytics Engineer Hybrid (USA Remote),Data Engineer,Mid,True,r|dbt,r
5672587978,Business Intelligence Analyst - Analytics Engineer Hybrid (USA Remote),Data Engineer,Mid,True,r|dbt,dbt
5672587983,Business Intelligence Analyst - Analytics Engineer Hybrid (USA Remote),Data Engineer,Mid,True,r|dbt,r
5672587983,Business Intelligence Analyst - Analytics Engineer Hybrid (USA Remote),Data Engineer,Mid,True,r|dbt,dbt
5672587988,Business Intelligence Analyst - Analytics Engineer Hybrid (USA Remote),Data Engineer,Mid,True,r|dbt,r
5672587988,Business Intelligence Analyst - Analytics Engineer Hybrid (USA Remote),Data Engineer,Mid,True,r|dbt,dbt
5672514330,Sr. Business Intelligence Analyst,BI Analyst,Senior,False,power bi|r,power bi
5672514330,Sr. Business Intelligence Analyst,BI Analyst,Senior,False,power bi|r,r
5672503897,Senior Business Intelligence & Transaction Analyst,BI Analyst,Senior,False,r,r
5672227520,Business Intelligence Analyst,BI Analyst,Mid,False,power bi|r,power bi
5672227520,Business Intelligence Analyst,BI Analyst,Mid,False,power bi|r,r
5672158399,Business Intelligence Analyst,BI Analyst,Mid,False,r,r
5672033143,Data Warehouse Business Analyst,Data Analyst,Mid,False,r,r
5672032273,SPP Business Analyst (Business Specialist),Data Analyst,Mid,False,r,r
5672019277,"Senior Manager, Enterprise Sales Operations",Other,Senior,False,r,r
5672013545,Intern - Business Analyst,Data Analyst,Mid,False,r,r
5671957456,Epic Orders & EHR Business Intelligence Analyst,BI Analyst,Mid,False,r,r
5671944601,Sales Analyst,Data Analyst,Mid,False,r,r
5671941941,Lead Business Intelligence Analyst,BI Analyst,Senior,False,r|azure,r
5671941941,Lead Business Intelligence Analyst,BI Analyst,Senior,False,r|azure,azure
5671936226,Business Intelligence Analyst I - Tableau/Excel/Salesforce proficiency,BI Analyst,Mid,False,r,r
5671620169,"Senior Business Analyst, Amazon Devices",Data Analyst,Senior,False,r,r
5671545456,SPP Business Analyst (Business Specialist),Data Analyst,Mid,False,r,r
5671524252,Business Intelligence Analyst (Power BI),BI Analyst,Mid,False,r,r
5671519401,Business Intelligence Analyst I - Tableau/Excel/Salesforce proficiency,BI Analyst,Mid,False,r,r
5671516290,"Data Analyst, Data Intelligence",Data Analyst,Mid,False,r,r
5671506610,IT Business Intelligence Analyst,BI Analyst,Mid,False,r,r
5671484116,Financial Analyst,Data Analyst,Mid,False,r,r
5671475465,Data Scientist/Business Intelligence Analyst,Data Scientist,Mid,False,r,r
5671474369,Sr Business Intelligence Analyst - ERP (Hybrid),BI Analyst,Mid,False,excel|r,excel
5671474369,Sr Business Intelligence Analyst - ERP (Hybrid),BI Analyst,Mid,False,excel|r,r
5671428740,Business Intelligence Analyst I - Tableau/Excel/Salesforce proficiency,BI Analyst,Mid,False,r,r
5671376298,Reporting Analyst,Data Analyst,Mid,False,r,r
5671368518,Business Intelligence Analyst,BI Analyst,Mid,False,r,r
5671308818,1403240 - Business Intelligence Analyst IV - (B4),BI Analyst,Mid,False,r,r
5671303998,Business Intelligence Analyst,BI Analyst,Mid,False,r,r
5671302645,"Sr Manager, Data Architecture",Other,Mid,False,r,r
5671275703,Business Intelligence (BI) Analyst,BI Analyst,Mid,False,excel|r,excel
5671275703,Business Intelligence (BI) Analyst,BI Analyst,Mid,False,excel|r,r
5671270271,Business Intelligence (BI) Analyst - Finance,BI Analyst,Mid,False,r,r
5671046491,"Business Intelligence Analyst, Workday",BI Analyst,Mid,False,r,r
5671030764,Business Intelligence Analyst,BI Analyst,Mid,False,sql|power bi|r,sql
5671030764,Business Intelligence Analyst,BI Analyst,Mid,False,sql|power bi|r,power bi
5671030764,Business Intelligence Analyst,BI Analyst,Mid,False,sql|power bi|r,r
5670961469,Senior Business Intelligence Analyst,BI Analyst,Senior,False,r,r
5670921689,"Analyst, Business Intelligence Data",BI Analyst,Mid,False,r,r
5670910798,"Data Analyst, Data Intelligence",Data Analyst,Mid,False,r,r
5670853300,1403240 - Business Intelligence Analyst IV - (B4),BI Analyst,Mid,False,r,r
5670850847,Lead Technical BI Analyst - Clinical Ops,BI Analyst,Senior,False,r,r
5670819433,Business Intelligence Analyst,BI Analyst,Mid,False,excel|r,excel
5670819433,Business Intelligence Analyst,BI Analyst,Mid,False,excel|r,r
5670792888,Associate BI Developer/ Analyst,BI Analyst,Junior,False,r|azure,r
5670792888,Associate BI Developer/ Analyst,BI Analyst,Junior,False,r|azure,azure
5670787652,Senior Data Analyst,Data Analyst,Senior,False,r,r
5670752742,Business Intelligence Analyst,BI Analyst,Mid,False,excel|r,excel
5670752742,Business Intelligence Analyst,BI Analyst,Mid,False,excel|r,r
5670231197,Growth Analytics - Senior Business Intelligence Analyst,BI Analyst,Senior,False,r,r
5670195399,Senior Data Engineer,Data Engineer,Senior,False,r,r
5670189646,Senior Business Intelligence and Client Solutions Analyst,BI Analyst,Senior,False,r,r
5670152043,Growth Analytics - Senior Business Intelligence Analyst,BI Analyst,Senior,False,r,r
5670145790,Finance Analytics Manager,Other,Mid,False,r,r
5669946254,Senior Data Analyst (Finance & Accounting),Data Analyst,Senior,True,r,r
5669893241,Business Analyst III,Data Analyst,Mid,False,r,r
5669729796,Business Intelligence (BI) Analyst – Finance,BI Analyst,Mid,False,r,r
5669728771,Research and Data Analyst,Data Analyst,Mid,False,r,r
5669725599,Business Intelligence Analyst – Supply Chain,BI Analyst,Mid,True,power bi|r,power bi
5669725599,Business Intelligence Analyst – Supply Chain,BI Analyst,Mid,True,power bi|r,r
5669713666,Senior Business Intelligence Analyst,BI Analyst,Senior,False,r,r
5669626617,Category Insights Sr Analyst,Data Analyst,Mid,False,r,r
5669626618,Category Insights Sr Analyst,Data Analyst,Mid,False,r,r
5669626619,Category Insights Sr Analyst,Data Analyst,Mid,False,r,r
5668299857,Finance Analytics Manager,Other,Mid,False,r,r
5668299779,"Intern - Economics, WW Returns & ReCommerce",Other,Mid,False,r,r
5668103913,Senior BI & Data Analyst (Remote),BI Analyst,Senior,True,r,r
5668045071,Revenue Cycle Financial & Business Intelligence Analyst,BI Analyst,Mid,False,r,r
5668011927,"Investment & Corporate Banking - COO Office, Financial Business Analyst",Data Analyst,Mid,False,r,r
5667989741,Intelligence Risk Analyst Journeyman,Data Analyst,Mid,False,r,r
5667890253,Senior Business Intelligence & Manufacturing Analytics Analyst,BI Analyst,Senior,False,r,r
5667821299,Marketing Data Analyst,Data Analyst,Mid,False,r,r
5667811123,Business Intelligence & Data Analyst,BI Analyst,Mid,False,r,r
5667438672,Senior Product Analyst - Monopoly GO!,Data Analyst,Senior,True,r,r
5667068112,Business Intelligence Analyst III,BI Analyst,Mid,False,r,r
5666983749,Business Intelligence Analyst,BI Analyst,Mid,False,r,r
5666045111,Business Intelligence Analyst - Amazon,BI Analyst,Mid,False,excel|r,excel
5666045111,Business Intelligence Analyst - Amazon,BI Analyst,Mid,False,excel|r,r
5665928216,Construction Project Engineer,Data Engineer,Mid,False,r,r
5665922582,"Business Intelligence Analyst, Level 3 (455-26-28425)",BI Analyst,Mid,False,sql|power bi|excel|r|snowflake|data modeling,sql
5665922582,"Business Intelligence Analyst, Level 3 (455-26-28425)",BI Analyst,Mid,False,sql|power bi|excel|r|snowflake|data modeling,power bi
5665922582,"Business Intelligence Analyst, Level 3 (455-26-28425)",BI Analyst,Mid,False,sql|power bi|excel|r|snowflake|data modeling,excel
5665922582,"Business Intelligence Analyst, Level 3 (455-26-28425)",BI Analyst,Mid,False,sql|power bi|excel|r|snowflake|data modeling,r
5665922582,"Business Intelligence Analyst, Level 3 (455-26-28425)",BI Analyst,Mid,False,sql|power bi|excel|r|snowflake|data modeling,snowflake
5665922582,"Business Intelligence Analyst, Level 3 (455-26-28425)",BI Analyst,Mid,False,sql|power bi|excel|r|snowflake|data modeling,data modeling
5665852910,Business Intelligence Analyst,BI Analyst,Mid,False,r,r
5665830558,Business Intelligence Analyst,BI Analyst,Mid,False,r,r
5665783430,Senior Data and BI Analyst,BI Analyst,Senior,False,r,r
5665507028,Senior Information Systems Analyst - Business Intelligence Specialization,BI Analyst,Senior,False,r,r
5665500621,Business Intelligence & Optimization Analyst,BI Analyst,Mid,False,excel|r,excel
5665500621,Business Intelligence & Optimization Analyst,BI Analyst,Mid,False,excel|r,r
5665497570,Lead Business Intelligence Analyst (Adobe Analytics  Power BI),BI Analyst,Senior,False,r,r
5665457198,Business Intelligence Analyst,BI Analyst,Mid,False,r,r
5664597367,Senior Business Intelligence Analyst,BI Analyst,Senior,False,r,r
5664526917,Business Intelligence Analyst,BI Analyst,Mid,False,sql,sql
5664492346,"BI Testing Analyst, JR",BI Analyst,Mid,False,r,r
5664492345,Senior BI Testing Analyst,BI Analyst,Senior,False,r,r
5664464455,Senior Business Intelligence Analyst,BI Analyst,Senior,False,r,r
5664369137,Senior Business Intelligence Analyst,BI Analyst,Senior,False,r,r
5664274130,Applications Analyst- Business Intelligence- Level 3,BI Analyst,Mid,False,sql|power bi|r,sql
5664274130,Applications Analyst- Business Intelligence- Level 3,BI Analyst,Mid,False,sql|power bi|r,power bi
5664274130,Applications Analyst- Business Intelligence- Level 3,BI Analyst,Mid,False,sql|power bi|r,r
5664257991,Senior BI Testing Analyst,BI Analyst,Senior,False,r,r
5664240287,Business Intelligence Analyst III,BI Analyst,Mid,False,r,r
5664231408,Business Intelligence Analyst,BI Analyst,Mid,False,r,r
5664200037,Business Intelligence Analyst I,BI Analyst,Mid,True,r,r
5664196232,Business Intelligence Analyst,BI Analyst,Mid,False,tableau|r,tableau
5664196232,Business Intelligence Analyst,BI Analyst,Mid,False,tableau|r,r
5664147366,Database/ETL Administrator,Other,Mid,False,r,r
5663961805,Sales Business Intelligence Analyst,BI Analyst,Mid,False,r,r
5663947161,"BI Testing Analyst, JR",BI Analyst,Mid,False,r,r
5663828191,Manager - Insurance Analytics,Other,Mid,False,r,r
5663744031,Senior Business Intelligence Analyst,BI Analyst,Senior,False,r,r
5663570572,Business Intelligence Analyst,BI Analyst,Mid,False,r,r
5663130767,Associate BI Developer/ Analyst,BI Analyst,Junior,False,r|azure,r
5663130767,Associate BI Developer/ Analyst,BI Analyst,Junior,False,r|azure,azure
5663103042,"Business Intelligence Analyst - Remote, USA",BI Analyst,Mid,True,r,r
5662996344,Senior Business Intelligence Analyst,BI Analyst,Senior,False,r,r
5662973738,"Program Manager, Business Operations (MedInsight)",Other,Mid,False,r,r
5662951411,Sr. Business Intelligence Analyst,BI Analyst,Senior,True,r,r
5662950326,Business Intelligence Analyst,BI Analyst,Mid,False,r,r
5662795136,Junior Business Intelligence Analyst,BI Analyst,Junior,False,r,r
5662616167,Senior Business Intelligence Analyst,BI Analyst,Senior,False,r,r
5662566881,BI Data Analyst,BI Analyst,Mid,False,r,r
5662566667,Business Intelligence Analyst,BI Analyst,Mid,False,r,r
5662520465,Supply Chain Analyst Lead,Data Analyst,Senior,False,r,r
5662478325,Business Intelligence Analyst,BI Analyst,Mid,False,power bi|r,power bi
5662478325,Business Intelligence Analyst,BI Analyst,Mid,False,power bi|r,r
5662476666,Data Analyst,Data Analyst,Mid,True,r,r
5662200911,"BI Analyst II, Labor Planning",BI Analyst,Mid,False,r,r
5662195727,Business Intelligence Analyst,BI Analyst,Mid,False,r,r
5662140927,"Senior Analyst, IS Business Intelligence - Individual Con",BI Analyst,Senior,False,tableau|r,tableau
5662140927,"Senior Analyst, IS Business Intelligence - Individual Con",BI Analyst,Senior,False,tableau|r,r
5661777567,Business Intelligence Analyst,BI Analyst,Mid,False,power bi|r,power bi
5661777567,Business Intelligence Analyst,BI Analyst,Mid,False,power bi|r,r
5661717821,"Sr Business Intell Analyst, Full-Time, Varied Shifts, Data & Analytics",BI Analyst,Mid,False,r,r
5661702148,Advisory Business Intelligence Analyst,BI Analyst,Mid,False,r,r
5661679917,Business Intelligence Analyst,BI Analyst,Mid,False,power bi|r,power bi
5661679917,Business Intelligence Analyst,BI Analyst,Mid,False,power bi|r,r
5661217884,Business Intelligence Analyst,BI Analyst,Mid,False,r,r
5678937688,Principal Data Engineer,Data Engineer,Senior,False,r,r
5678855355,Business Intelligence Intern,BI Analyst,Mid,False,r,r
5678854938,Business Intelligence Architect/Developer,BI Analyst,Mid,True,r,r
5678851432,DW/BI Architect (Remote),BI Analyst,Mid,True,r|etl|data modeling,r
5678851432,DW/BI Architect (Remote),BI Analyst,Mid,True,r|etl|data modeling,etl
5678851432,DW/BI Architect (Remote),BI Analyst,Mid,True,r|etl|data modeling,data modeling
5678849236,DW/BI Architect (Remote),BI Analyst,Mid,True,r|etl|data modeling,r
5678849236,DW/BI Architect (Remote),BI Analyst,Mid,True,r|etl|data modeling,etl
5678849236,DW/BI Architect (Remote),BI Analyst,Mid,True,r|etl|data modeling,data modeling
5678846492,DW/BI Architect (Remote),BI Analyst,Mid,True,r|etl|data modeling,r
5678846492,DW/BI Architect (Remote),BI Analyst,Mid,True,r|etl|data modeling,etl
5678846492,DW/BI Architect (Remote),BI Analyst,Mid,True,r|etl|data modeling,data modeling
5678824887,"Director, Business Intelligence and Analytics, TD Garden",BI Analyst,Mid,False,r,r
5678814000,"Business Analyst (Part-Time) – C2C/W2 – Columbia, SC – Local Candidates Only",BI Analyst,Mid,False,r,r
5678776115,DW/BI Architect (Remote),BI Analyst,Mid,True,r|etl|data modeling,r
5678776115,DW/BI Architect (Remote),BI Analyst,Mid,True,r|etl|data modeling,etl
5678776115,DW/BI Architect (Remote),BI Analyst,Mid,True,r|etl|data modeling,data modeling
5678774554,DW/BI Architect (Remote),BI Analyst,Mid,True,r|etl|data modeling,r
5678774554,DW/BI Architect (Remote),BI Analyst,Mid,True,r|etl|data modeling,etl
5678774554,DW/BI Architect (Remote),BI Analyst,Mid,True,r|etl|data modeling,data modeling
5678752116,Databricks Data Engineer - Remote,Data Engineer,Mid,True,r|spark|azure,r
5678752116,Databricks Data Engineer - Remote,Data Engineer,Mid,True,r|spark|azure,spark
5678752116,Databricks Data Engineer - Remote,Data Engineer,Mid,True,r|spark|azure,azure
5678752134,DW/BI Architect (Remote),BI Analyst,Mid,True,r|etl|data modeling,r
5678752134,DW/BI Architect (Remote),BI Analyst,Mid,True,r|etl|data modeling,etl
5678752134,DW/BI Architect (Remote),BI Analyst,Mid,True,r|etl|data modeling,data modeling
5678751752,DW/BI Architect (Remote),BI Analyst,Mid,True,r|etl|data modeling,r
5678751752,DW/BI Architect (Remote),BI Analyst,Mid,True,r|etl|data modeling,etl
5678751752,DW/BI Architect (Remote),BI Analyst,Mid,True,r|etl|data modeling,data modeling
5678751169,DW/BI Architect (Remote),BI Analyst,Mid,True,r|etl|data modeling,r
5678751169,DW/BI Architect (Remote),BI Analyst,Mid,True,r|etl|data modeling,etl
5678751169,DW/BI Architect (Remote),BI Analyst,Mid,True,r|etl|data modeling,data modeling
5678750503,DW/BI Architect (Remote),BI Analyst,Mid,True,r|etl|data modeling,r
5678750503,DW/BI Architect (Remote),BI Analyst,Mid,True,r|etl|data modeling,etl
5678750503,DW/BI Architect (Remote),BI Analyst,Mid,True,r|etl|data modeling,data modeling
5678750245,DW/BI Architect (Remote),BI Analyst,Mid,True,r|etl|data modeling,r
5678750245,DW/BI Architect (Remote),BI Analyst,Mid,True,r|etl|data modeling,etl
5678750245,DW/BI Architect (Remote),BI Analyst,Mid,True,r|etl|data modeling,data modeling
5678750176,DW/BI Architect (Remote),BI Analyst,Mid,True,r|etl|data modeling,r
5678750176,DW/BI Architect (Remote),BI Analyst,Mid,True,r|etl|data modeling,etl
5678750176,DW/BI Architect (Remote),BI Analyst,Mid,True,r|etl|data modeling,data modeling
5678750095,DW/BI Architect (Remote),BI Analyst,Mid,True,r|etl|data modeling,r
5678750095,DW/BI Architect (Remote),BI Analyst,Mid,True,r|etl|data modeling,etl
5678750095,DW/BI Architect (Remote),BI Analyst,Mid,True,r|etl|data modeling,data modeling
5678749954,DW/BI Architect (Remote),BI Analyst,Mid,True,r|etl|data modeling,r
5678749954,DW/BI Architect (Remote),BI Analyst,Mid,True,r|etl|data modeling,etl
5678749954,DW/BI Architect (Remote),BI Analyst,Mid,True,r|etl|data modeling,data modeling
5678745799,DW/BI Architect (Remote),BI Analyst,Mid,True,r|etl|data modeling,r
5678745799,DW/BI Architect (Remote),BI Analyst,Mid,True,r|etl|data modeling,etl
5678745799,DW/BI Architect (Remote),BI Analyst,Mid,True,r|etl|data modeling,data modeling
5678744184,DW/BI Architect (Remote),BI Analyst,Mid,True,r|etl|data modeling,r
5678744184,DW/BI Architect (Remote),BI Analyst,Mid,True,r|etl|data modeling,etl
5678744184,DW/BI Architect (Remote),BI Analyst,Mid,True,r|etl|data modeling,data modeling
5678732247,DW/BI Architect (Remote),BI Analyst,Mid,True,r|etl|data modeling,r
5678732247,DW/BI Architect (Remote),BI Analyst,Mid,True,r|etl|data modeling,etl
5678732247,DW/BI Architect (Remote),BI Analyst,Mid,True,r|etl|data modeling,data modeling
5678732008,DW/BI Architect (Remote),BI Analyst,Mid,True,r|etl|data modeling,r
5678732008,DW/BI Architect (Remote),BI Analyst,Mid,True,r|etl|data modeling,etl
5678732008,DW/BI Architect (Remote),BI Analyst,Mid,True,r|etl|data modeling,data modeling
5678731980,DW/BI Architect (Remote),BI Analyst,Mid,True,r|etl|data modeling,r
5678731980,DW/BI Architect (Remote),BI Analyst,Mid,True,r|etl|data modeling,etl
5678731980,DW/BI Architect (Remote),BI Analyst,Mid,True,r|etl|data modeling,data modeling
5678731886,DW/BI Architect (Remote),BI Analyst,Mid,True,r|etl|data modeling,r
5678731886,DW/BI Architect (Remote),BI Analyst,Mid,True,r|etl|data modeling,etl
5678731886,DW/BI Architect (Remote),BI Analyst,Mid,True,r|etl|data modeling,data modeling
5678731705,DW/BI Architect (Remote),BI Analyst,Mid,True,r|etl|data modeling,r
5678731705,DW/BI Architect (Remote),BI Analyst,Mid,True,r|etl|data modeling,etl
5678731705,DW/BI Architect (Remote),BI Analyst,Mid,True,r|etl|data modeling,data modeling
5678725926,DW/BI Architect (Remote),BI Analyst,Mid,True,r|etl|data modeling,r
5678725926,DW/BI Architect (Remote),BI Analyst,Mid,True,r|etl|data modeling,etl
5678725926,DW/BI Architect (Remote),BI Analyst,Mid,True,r|etl|data modeling,data modeling
5678721622,Data Driven Marketing Analyst - Audience Design,Data Analyst,Mid,False,r,r
5678715266,DW/BI Architect (Remote),BI Analyst,Mid,True,r|etl|data modeling,r
5678715266,DW/BI Architect (Remote),BI Analyst,Mid,True,r|etl|data modeling,etl
5678715266,DW/BI Architect (Remote),BI Analyst,Mid,True,r|etl|data modeling,data modeling
5678713637,DW/BI Architect (Remote),BI Analyst,Mid,True,r|etl|data modeling,r
5678713637,DW/BI Architect (Remote),BI Analyst,Mid,True,r|etl|data modeling,etl
5678713637,DW/BI Architect (Remote),BI Analyst,Mid,True,r|etl|data modeling,data modeling
5678710871,Principal Data Engineer,Data Engineer,Senior,False,r,r
5678710677,DW/BI Architect (Remote),BI Analyst,Mid,True,r|etl|data modeling,r
5678710677,DW/BI Architect (Remote),BI Analyst,Mid,True,r|etl|data modeling,etl
5678710677,DW/BI Architect (Remote),BI Analyst,Mid,True,r|etl|data modeling,data modeling
5678710495,Databricks Data Engineer - Remote,Data Engineer,Mid,True,r|spark|azure,r
5678710495,Databricks Data Engineer - Remote,Data Engineer,Mid,True,r|spark|azure,spark
5678710495,Databricks Data Engineer - Remote,Data Engineer,Mid,True,r|spark|azure,azure
5678710482,DW/BI Architect (Remote),BI Analyst,Mid,True,r|etl|data modeling,r
5678710482,DW/BI Architect (Remote),BI Analyst,Mid,True,r|etl|data modeling,etl
5678710482,DW/BI Architect (Remote),BI Analyst,Mid,True,r|etl|data modeling,data modeling
5678709956,DW/BI Architect (Remote),BI Analyst,Mid,True,r|etl|data modeling,r
5678709956,DW/BI Architect (Remote),BI Analyst,Mid,True,r|etl|data modeling,etl
5678709956,DW/BI Architect (Remote),BI Analyst,Mid,True,r|etl|data modeling,data modeling
5678709948,Databricks Data Engineer - Remote,Data Engineer,Mid,True,r|spark|azure,r
5678709948,Databricks Data Engineer - Remote,Data Engineer,Mid,True,r|spark|azure,spark
5678709948,Databricks Data Engineer - Remote,Data Engineer,Mid,True,r|spark|azure,azure
5678705053,DW/BI Architect (Remote),BI Analyst,Mid,True,r|etl|data modeling,r
5678705053,DW/BI Architect (Remote),BI Analyst,Mid,True,r|etl|data modeling,etl
5678705053,DW/BI Architect (Remote),BI Analyst,Mid,True,r|etl|data modeling,data modeling
5678703850,DW/BI Architect (Remote),BI Analyst,Mid,True,r|etl|data modeling,r
5678703850,DW/BI Architect (Remote),BI Analyst,Mid,True,r|etl|data modeling,etl
5678703850,DW/BI Architect (Remote),BI Analyst,Mid,True,r|etl|data modeling,data modeling
5678702607,DW/BI Architect (Remote),BI Analyst,Mid,True,r|etl|data modeling,r
5678702607,DW/BI Architect (Remote),BI Analyst,Mid,True,r|etl|data modeling,etl
5678702607,DW/BI Architect (Remote),BI Analyst,Mid,True,r|etl|data modeling,data modeling
5678697379,DW/BI Architect (Remote),BI Analyst,Mid,True,r|etl|data modeling,r
5678697379,DW/BI Architect (Remote),BI Analyst,Mid,True,r|etl|data modeling,etl
5678697379,DW/BI Architect (Remote),BI Analyst,Mid,True,r|etl|data modeling,data modeling
5678697085,DW/BI Architect (Remote),BI Analyst,Mid,True,r|etl|data modeling,r
5678697085,DW/BI Architect (Remote),BI Analyst,Mid,True,r|etl|data modeling,etl
5678697085,DW/BI Architect (Remote),BI Analyst,Mid,True,r|etl|data modeling,data modeling
5678695778,DW/BI Architect (Remote),BI Analyst,Mid,True,r|etl|data modeling,r
5678695778,DW/BI Architect (Remote),BI Analyst,Mid,True,r|etl|data modeling,etl
5678695778,DW/BI Architect (Remote),BI Analyst,Mid,True,r|etl|data modeling,data modeling
5678694771,DW/BI Architect (Remote),BI Analyst,Mid,True,r|etl|data modeling,r
5678694771,DW/BI Architect (Remote),BI Analyst,Mid,True,r|etl|data modeling,etl
5678694771,DW/BI Architect (Remote),BI Analyst,Mid,True,r|etl|data modeling,data modeling
5678694409,DW/BI Architect (Remote),BI Analyst,Mid,True,r|etl|data modeling,r
5678694409,DW/BI Architect (Remote),BI Analyst,Mid,True,r|etl|data modeling,etl
5678694409,DW/BI Architect (Remote),BI Analyst,Mid,True,r|etl|data modeling,data modeling
5678691352,DW/BI Architect (Remote),BI Analyst,Mid,True,r|etl|data modeling,r
5678691352,DW/BI Architect (Remote),BI Analyst,Mid,True,r|etl|data modeling,etl
5678691352,DW/BI Architect (Remote),BI Analyst,Mid,True,r|etl|data modeling,data modeling
5678690620,DW/BI Architect (Remote),BI Analyst,Mid,True,r|etl|data modeling,r
5678690620,DW/BI Architect (Remote),BI Analyst,Mid,True,r|etl|data modeling,etl
5678690620,DW/BI Architect (Remote),BI Analyst,Mid,True,r|etl|data modeling,data modeling
5678689030,DW/BI Architect (Remote),BI Analyst,Mid,True,r|etl|data modeling,r
5678689030,DW/BI Architect (Remote),BI Analyst,Mid,True,r|etl|data modeling,etl
5678689030,DW/BI Architect (Remote),BI Analyst,Mid,True,r|etl|data modeling,data modeling
5678688463,Principal Data Engineer,Data Engineer,Senior,False,r,r
5678688108,DW/BI Architect (Remote),BI Analyst,Mid,True,r|etl|data modeling,r
5678688108,DW/BI Architect (Remote),BI Analyst,Mid,True,r|etl|data modeling,etl
5678688108,DW/BI Architect (Remote),BI Analyst,Mid,True,r|etl|data modeling,data modeling
5678674092,Graduate Data Analytics Intern,Other,Mid,False,r,r
5678661962,DW/BI Architect (Remote),BI Analyst,Mid,True,r|etl|data modeling,r
5678661962,DW/BI Architect (Remote),BI Analyst,Mid,True,r|etl|data modeling,etl
5678661962,DW/BI Architect (Remote),BI Analyst,Mid,True,r|etl|data modeling,data modeling
5678658481,DW/BI Architect (Remote),BI Analyst,Mid,True,r|etl|data modeling,r
5678658481,DW/BI Architect (Remote),BI Analyst,Mid,True,r|etl|data modeling,etl
5678658481,DW/BI Architect (Remote),BI Analyst,Mid,True,r|etl|data modeling,data modeling
5678655682,DW/BI Architect (Remote),BI Analyst,Mid,True,r|etl|data modeling,r
5678655682,DW/BI Architect (Remote),BI Analyst,Mid,True,r|etl|data modeling,etl
5678655682,DW/BI Architect (Remote),BI Analyst,Mid,True,r|etl|data modeling,data modeling
5678655681,DW/BI Architect (Remote),BI Analyst,Mid,True,r|etl|data modeling,r
5678655681,DW/BI Architect (Remote),BI Analyst,Mid,True,r|etl|data modeling,etl
5678655681,DW/BI Architect (Remote),BI Analyst,Mid,True,r|etl|data modeling,data modeling
5678655638,DW/BI Architect (Remote),BI Analyst,Mid,True,r|etl|data modeling,r
5678655638,DW/BI Architect (Remote),BI Analyst,Mid,True,r|etl|data modeling,etl
5678655638,DW/BI Architect (Remote),BI Analyst,Mid,True,r|etl|data modeling,data modeling
5678582308,DW/BI Architect (Remote),BI Analyst,Mid,True,r|etl|data modeling,r
5678582308,DW/BI Architect (Remote),BI Analyst,Mid,True,r|etl|data modeling,etl
5678582308,DW/BI Architect (Remote),BI Analyst,Mid,True,r|etl|data modeling,data modeling
5678525671,DW/BI Architect (Remote),BI Analyst,Mid,True,r|etl|data modeling,r
5678525671,DW/BI Architect (Remote),BI Analyst,Mid,True,r|etl|data modeling,etl
5678525671,DW/BI Architect (Remote),BI Analyst,Mid,True,r|etl|data modeling,data modeling
5678508199,DW/BI Architect (Remote),BI Analyst,Mid,True,r|etl|data modeling,r
5678508199,DW/BI Architect (Remote),BI Analyst,Mid,True,r|etl|data modeling,etl
5678508199,DW/BI Architect (Remote),BI Analyst,Mid,True,r|etl|data modeling,data modeling
5678505866,DW/BI Architect (Remote),BI Analyst,Mid,True,r|etl|data modeling,r
5678505866,DW/BI Architect (Remote),BI Analyst,Mid,True,r|etl|data modeling,etl
5678505866,DW/BI Architect (Remote),BI Analyst,Mid,True,r|etl|data modeling,data modeling
5678503961,DW/BI Architect (Remote),BI Analyst,Mid,True,r|etl|data modeling,r
5678503961,DW/BI Architect (Remote),BI Analyst,Mid,True,r|etl|data modeling,etl
5678503961,DW/BI Architect (Remote),BI Analyst,Mid,True,r|etl|data modeling,data modeling
5678503883,Databricks Data Engineer - Remote,Data Engineer,Mid,True,r|spark|azure,r
5678503883,Databricks Data Engineer - Remote,Data Engineer,Mid,True,r|spark|azure,spark
5678503883,Databricks Data Engineer - Remote,Data Engineer,Mid,True,r|spark|azure,azure
5678503885,Databricks Data Engineer - Remote,Data Engineer,Mid,True,r|spark|azure,r
5678503885,Databricks Data Engineer - Remote,Data Engineer,Mid,True,r|spark|azure,spark
5678503885,Databricks Data Engineer - Remote,Data Engineer,Mid,True,r|spark|azure,azure
5678492561,DW/BI Architect (Remote),BI Analyst,Mid,True,r|etl|data modeling,r
5678492561,DW/BI Architect (Remote),BI Analyst,Mid,True,r|etl|data modeling,etl
5678492561,DW/BI Architect (Remote),BI Analyst,Mid,True,r|etl|data modeling,data modeling
5678491638,DW/BI Architect (Remote),BI Analyst,Mid,True,r|etl|data modeling,r
5678491638,DW/BI Architect (Remote),BI Analyst,Mid,True,r|etl|data modeling,etl
5678491638,DW/BI Architect (Remote),BI Analyst,Mid,True,r|etl|data modeling,data modeling
5678086156,DW/BI Architect (Remote),BI Analyst,Mid,True,r|etl|data modeling,r
5678086156,DW/BI Architect (Remote),BI Analyst,Mid,True,r|etl|data modeling,etl
5678086156,DW/BI Architect (Remote),BI Analyst,Mid,True,r|etl|data modeling,data modeling
5677950345,Junior Java Spring Boot Programmer/Data Engineer/Data scientist,Data Engineer,Junior,False,r,r
5677950115,Entry Level Data Scientist/Analyst/Java full stack developer,Data Scientist,Junior,False,r,r
5677903265,Power BI Developer,BI Analyst,Mid,False,r,r
5677864132,Senior Data Engineer I,Data Engineer,Senior,False,sql|r,sql
5677864132,Senior Data Engineer I,Data Engineer,Senior,False,sql|r,r
5677831223,"BI and Data Analyst, Senior",BI Analyst,Senior,False,power bi|r|etl,power bi
5677831223,"BI and Data Analyst, Senior",BI Analyst,Senior,False,power bi|r|etl,r
5677831223,"BI and Data Analyst, Senior",BI Analyst,Senior,False,power bi|r|etl,etl
5677814596,Senior Data Engineer I,Data Engineer,Senior,False,sql|r,sql
5677814596,Senior Data Engineer I,Data Engineer,Senior,False,sql|r,r
5677807517,Director of Business Intelligence (26-27),BI Analyst,Mid,False,power bi|excel|r,power bi
5677807517,Director of Business Intelligence (26-27),BI Analyst,Mid,False,power bi|excel|r,excel
5677807517,Director of Business Intelligence (26-27),BI Analyst,Mid,False,power bi|excel|r,r
5677807235,BI Architect/Developer,BI Analyst,Mid,False,r,r
5677797099,Graduate Data Analytics Intern,Other,Mid,False,r,r
5677725434,Data Analyst / BI Engineer,Data Engineer,Mid,False,sql|python|r,sql
5677725434,Data Analyst / BI Engineer,Data Engineer,Mid,False,sql|python|r,python
5677725434,Data Analyst / BI Engineer,Data Engineer,Mid,False,sql|python|r,r
5677715117,Business Intelligence Manager,BI Analyst,Mid,False,r,r
5677701764,"Director, Business Intelligence",BI Analyst,Mid,False,r,r
5677694762,Enterprise Data & AI Platform Architect,Other,Mid,False,excel|r,excel
5677694762,Enterprise Data & AI Platform Architect,Other,Mid,False,excel|r,r
5677693626,"Director, Data Strategy",Other,Mid,False,r,r
5677685596,Senior Data Engineer I,Data Engineer,Senior,False,sql|r,sql
5677685596,Senior Data Engineer I,Data Engineer,Senior,False,sql|r,r
5677647730,Lead Data Engineer,Data Engineer,Senior,False,r,r
5677626783,BI Analyst & Tableau Developer,BI Analyst,Mid,False,tableau|r,tableau
5677626783,BI Analyst & Tableau Developer,BI Analyst,Mid,False,tableau|r,r
5677584246,Moodle HTTP WCAG Experience Developer,Other,Mid,False,r,r
5677536203,Graduate Data Analytics Intern,Other,Mid,False,r,r
5676938116,Junior java React.js developer/AI engineer/ML engineer,Data Engineer,Junior,False,r,r
5676937987,junior Java Jenkins developer/Machine learning engineer,Data Engineer,Junior,False,r,r
5676906337,Entry Level Data Scientist/Analyst/Java full stack developer,Data Scientist,Junior,False,r,r
5676906203,Junior Java Spring Boot Programmer/Data Engineer/Data scientist,Data Engineer,Junior,False,r,r
5676733375,"Reporting Analyst Lead - Power BI , BI Tools , Healthcare",BI Analyst,Senior,False,r,r
5676501035,(REMOTE) Revenue Cycle - Sr. Business Intelligence Developer,BI Analyst,Senior,True,r,r
5676366754,BI Architect/Developer,BI Analyst,Mid,False,r,r
5676178209,"Expert, Compliance Data Analyst - BI - Reporting, Analysis, and Insights (Flexible Location)",BI Analyst,Mid,False,r,r
5675850093,Senior Yield Data Analyst,Data Analyst,Senior,False,r,r
5675046837,AI Product Manager (Remote),Other,Mid,True,r,r
5675032951,Data Warehouse Analyst Seniors – Power BI/Tableau,BI Analyst,Senior,False,power bi|tableau|r,power bi
5675032951,Data Warehouse Analyst Seniors – Power BI/Tableau,BI Analyst,Senior,False,power bi|tableau|r,tableau
5675032951,Data Warehouse Analyst Seniors – Power BI/Tableau,BI Analyst,Senior,False,power bi|tableau|r,r
5675032449,Sr. Category Insights Analyst (Power BI),BI Analyst,Senior,False,power bi|r,power bi
5675032449,Sr. Category Insights Analyst (Power BI),BI Analyst,Senior,False,power bi|r,r
5675031229,"Sr. Analyst, Enterprise BI Data Products & Governance",BI Analyst,Senior,False,r,r
5674996437,"Sr. Manager, Customer Insights",Other,Senior,False,r,r
5674994254,BI Analyst,BI Analyst,Mid,False,r,r
5674960669,Data & Analytics Cloud Engineering Implementation Manager,Data Engineer,Mid,False,excel|r,excel
5674960669,Data & Analytics Cloud Engineering Implementation Manager,Data Engineer,Mid,False,excel|r,r
5674903653,Master Data Management (MDM) Analyst,Data Analyst,Mid,False,r,r
5674901413,"Data Solutions Architect - Financial Data, Compliance & Business Intelligence",BI Analyst,Mid,False,excel|r,excel
5674901413,"Data Solutions Architect - Financial Data, Compliance & Business Intelligence",BI Analyst,Mid,False,excel|r,r
5674895981,BI Analyst,BI Analyst,Mid,False,power bi|r,power bi
5674895981,BI Analyst,BI Analyst,Mid,False,power bi|r,r
5674886677,Revenue Operations BI Analyst,BI Analyst,Mid,False,r,r
5674866839,"Lead Data Engineer – Financial Data, Compliance & Business Intelligence",Data Engineer,Senior,False,excel|r,excel
5674866839,"Lead Data Engineer – Financial Data, Compliance & Business Intelligence",Data Engineer,Senior,False,excel|r,r
5674835033,Data Engineer,Data Engineer,Mid,False,r,r
5674832272,Data Warehouse Developer (Caboodle),Other,Mid,False,r,r
5674831225,Business Intelligence Developer Intern,BI Analyst,Mid,False,r,r
5674801968,Data Analyst (Power BI),BI Analyst,Mid,False,power bi|r,power bi
5674801968,Data Analyst (Power BI),BI Analyst,Mid,False,power bi|r,r
5674798711,Sr. Category Insights Analyst (Power BI),BI Analyst,Senior,False,power bi|r,power bi
5674798711,Sr. Category Insights Analyst (Power BI),BI Analyst,Senior,False,power bi|r,r
5674762503,Financial Analyst - TSA & Cost Modeling,Data Analyst,Mid,False,r,r
5674753311,INTL - Remote Marketing Data Analyst/ Power BI Developer - India,BI Analyst,Mid,True,power bi|r,power bi
5674753311,INTL - Remote Marketing Data Analyst/ Power BI Developer - India,BI Analyst,Mid,True,power bi|r,r
5674735374,Sr. Category Insights Analyst (Power BI),BI Analyst,Senior,False,power bi|r,power bi
5674735374,Sr. Category Insights Analyst (Power BI),BI Analyst,Senior,False,power bi|r,r
5674696833,"Sr. Analyst, Enterprise BI Data Products & Governance",BI Analyst,Senior,False,r,r
5674682865,BI Data Analyst,BI Analyst,Mid,False,sql|power bi|tableau|python|r|azure,sql
5674682865,BI Data Analyst,BI Analyst,Mid,False,sql|power bi|tableau|python|r|azure,power bi
5674682865,BI Data Analyst,BI Analyst,Mid,False,sql|power bi|tableau|python|r|azure,tableau
5674682865,BI Data Analyst,BI Analyst,Mid,False,sql|power bi|tableau|python|r|azure,python
5674682865,BI Data Analyst,BI Analyst,Mid,False,sql|power bi|tableau|python|r|azure,r
5674682865,BI Data Analyst,BI Analyst,Mid,False,sql|power bi|tableau|python|r|azure,azure
5674674890,Sr. Category Insights Analyst (Power BI),BI Analyst,Senior,False,power bi|r,power bi
5674674890,Sr. Category Insights Analyst (Power BI),BI Analyst,Senior,False,power bi|r,r
5674674529,Sr. Category Insights Analyst (Power BI),BI Analyst,Senior,False,power bi|r,power bi
5674674529,Sr. Category Insights Analyst (Power BI),BI Analyst,Senior,False,power bi|r,r
5674311454,Junior java React.js developer/AI engineer/ML engineer,Data Engineer,Junior,False,r,r
5674311463,Entry Level Data/Business Analyst,Data Analyst,Junior,False,r,r
5674311435,"Power BI & SQL Analyst -Report Developer (Local, AZ Only)",BI Analyst,Mid,True,sql|power bi|r,sql
5674311435,"Power BI & SQL Analyst -Report Developer (Local, AZ Only)",BI Analyst,Mid,True,sql|power bi|r,power bi
5674311435,"Power BI & SQL Analyst -Report Developer (Local, AZ Only)",BI Analyst,Mid,True,sql|power bi|r,r
5674311379,Tableau/PowerBI Developer,BI Analyst,Mid,False,r,r
5674311274,junior Java Jenkins developer/Machine learning engineer,Data Engineer,Junior,False,r,r
5674304325,Lead Data Insights Engineer (Product),Data Engineer,Senior,False,r,r
5674297206,Data Analyst (BI Focus) - Bilingual (English/Korean),BI Analyst,Mid,False,r,r
5674161390,Data Analyst / Power BI Developer,BI Analyst,Mid,True,power bi|r|azure,power bi
5674161390,Data Analyst / Power BI Developer,BI Analyst,Mid,True,power bi|r|azure,r
5674161390,Data Analyst / Power BI Developer,BI Analyst,Mid,True,power bi|r|azure,azure
5674160426,Staff Accountant,Other,Senior,False,excel|r,excel
5674160426,Staff Accountant,Other,Senior,False,excel|r,r
5673980973,Performance Manager,Other,Mid,False,r,r
5673907063,Technical Business Analyst – Healthcare Data Reporting,Data Analyst,Mid,False,excel|r,excel
5673907063,Technical Business Analyst – Healthcare Data Reporting,Data Analyst,Mid,False,excel|r,r
5673850635,Service Analytics Data Analyst,Data Analyst,Mid,False,r,r
5673835150,Director of Analytics-Finance,Other,Mid,False,r,r
5673730227,Azure Devops Engineer,Data Engineer,Mid,False,r|azure,r
5673730227,Azure Devops Engineer,Data Engineer,Mid,False,r|azure,azure
5673701849,"INTL - REMOTE Data Analyst/ Power BI Developer (Customer, Digital & Loyalty)- India",BI Analyst,Mid,True,power bi|r,power bi
5673701849,"INTL - REMOTE Data Analyst/ Power BI Developer (Customer, Digital & Loyalty)- India",BI Analyst,Mid,True,power bi|r,r
5673570907,"Principal Reporting Engineer, Business Intelligence",Data Engineer,Senior,False,r,r
5673570674,"Senior Data Scientist, Business Intelligence",Data Scientist,Senior,False,r,r
5673289582,Business Analytics Analyst,Data Analyst,Mid,False,sql|r,sql
5673289582,Business Analytics Analyst,Data Analyst,Mid,False,sql|r,r
5673277326,Business Intelligence Manager,BI Analyst,Mid,False,r,r
5673258690,Operations Engineer,Data Engineer,Mid,False,r,r
5673252017,Data Quality Analyst (SQL / Power BI),BI Analyst,Mid,False,r,r
5673250425,Senior Power Platform Lead (SME),Other,Senior,False,r,r
5673233252,Data Engineer,Data Engineer,Mid,False,r,r
5673155121,Healthcare Performance Data Analyst - Full Time,Data Analyst,Mid,False,r,r
5673148575,Senior Clinical BI Analyst,BI Analyst,Senior,False,r,r
5673126196,Finance BI Analyst III - Corporate,BI Analyst,Mid,False,r,r
5673081911,Reporting / BI Analyst - R01562076,BI Analyst,Mid,False,r,r
5672680831,Junior java spring boot developer/ML/AI engineer,Data Engineer,Junior,False,r,r
5672659308,Senior Data Architect/Modeler - Snowflake/Data Vault,Other,Senior,False,r,r
5672531697,Data Analytics Manager,Other,Mid,False,r,r
5672526840,Data Analytics Manager,Other,Mid,False,r,r
5672191207,FISMA Scorecard and Metrics Analyst,Data Analyst,Mid,False,r,r
5672144185,"AVP, Data Analytics & Reporting - Power BI & Data Engineering Lead",Data Engineer,Senior,False,r,r
5672141272,Business Intelligence Architect - On-Site,BI Analyst,Mid,False,r,r
5672057891,Bi-Lingual BCBA (Board Certified Behavior Analyst),BI Analyst,Mid,False,r,r
5672033188,Junior java developer/React.js developer,Other,Junior,False,r,r
5672025603,Data Analyst,Data Analyst,Mid,False,r,r
5671972881,BI Data Analyst,BI Analyst,Mid,False,power bi|r,power bi
5671972881,BI Data Analyst,BI Analyst,Mid,False,power bi|r,r
5671949104,Data Analyst,Data Analyst,Mid,False,power bi|r,power bi
5671949104,Data Analyst,Data Analyst,Mid,False,power bi|r,r
5671816512,Junior ML/AI engineer/Java Microservices developer,Data Engineer,Junior,False,r,r
5671816448,Junior java spring boot developer/ML/AI engineer,Data Engineer,Junior,False,r,r
5671589620,Sr. Data Analyst (Tableau/Power BI & Informatica ETL),BI Analyst,Senior,False,sql|power bi|tableau|r|snowflake|etl,sql
5671589620,Sr. Data Analyst (Tableau/Power BI & Informatica ETL),BI Analyst,Senior,False,sql|power bi|tableau|r|snowflake|etl,power bi
5671589620,Sr. Data Analyst (Tableau/Power BI & Informatica ETL),BI Analyst,Senior,False,sql|power bi|tableau|r|snowflake|etl,tableau
5671589620,Sr. Data Analyst (Tableau/Power BI & Informatica ETL),BI Analyst,Senior,False,sql|power bi|tableau|r|snowflake|etl,r
5671589620,Sr. Data Analyst (Tableau/Power BI & Informatica ETL),BI Analyst,Senior,False,sql|power bi|tableau|r|snowflake|etl,snowflake
5671589620,Sr. Data Analyst (Tableau/Power BI & Informatica ETL),BI Analyst,Senior,False,sql|power bi|tableau|r|snowflake|etl,etl
5671541608,Data Analyst,Data Analyst,Mid,False,power bi|r,power bi
5671541608,Data Analyst,Data Analyst,Mid,False,power bi|r,r
5671524273,Data Quality Analyst (SQL / Power BI),BI Analyst,Mid,False,r,r
5671515261,AI and BI Data Intern,BI Analyst,Mid,False,r,r
5671513077,"Director, Data & Analytics - Medicaid Program Integrity (FWA) - Indianapolis, IN",Other,Mid,False,r,r
5671487702,Epic Business Intelligence Data Engineer â€“ Cogito Reporting,Data Engineer,Mid,False,sql|r,sql
5671487702,Epic Business Intelligence Data Engineer â€“ Cogito Reporting,Data Engineer,Mid,False,sql|r,r
5671474408,Enterprise Data Governance Analyst II,Data Analyst,Mid,False,excel|r,excel
5671474408,Enterprise Data Governance Analyst II,Data Analyst,Mid,False,excel|r,r
5671380670,Sr. Category Insights Analyst (Power BI),BI Analyst,Senior,False,power bi|r,power bi
5671380670,Sr. Category Insights Analyst (Power BI),BI Analyst,Senior,False,power bi|r,r
5671303340,Business Analyst with Power BI,BI Analyst,Mid,False,power bi|r,power bi
5671303340,Business Analyst with Power BI,BI Analyst,Mid,False,power bi|r,r
5670916133,Graduate Data Analytics Intern,Other,Mid,False,r,r
5679344531,Analytics Director - Remote based in US,Other,Mid,True,r,r
5679337742,Senior Financial Analyst - 12-Month Assignment (Fully Onsite),Data Analyst,Senior,False,r,r
5679327960,Instructional Assistant - Autism Intervention Center,Other,Mid,False,r,r
5679313180,"Asset Analyst, Capital Formation",Data Analyst,Mid,False,r,r
5679131076,Cost Accounting Analyst,Data Analyst,Mid,False,r,r
5679059997,Senior Analyst,Data Analyst,Senior,False,r,r
5679050201,"Manager, Replenishment & Analytics",Other,Mid,False,r,r
5679045488,CWG (Collections) Analyst,Data Analyst,Mid,False,r,r
5678972844,Senior Business Analyst,Data Analyst,Senior,False,r,r
5678972137,Senior Business Analyst,Data Analyst,Senior,False,r,r
5678972023,Senior Business Analyst,Data Analyst,Senior,False,r,r
5678972052,Senior Business Analyst,Data Analyst,Senior,False,r,r
5678972185,Senior Business Analyst,Data Analyst,Senior,False,r,r
5678972215,Senior Business Analyst,Data Analyst,Senior,False,r,r
5678972082,Senior Business Analyst,Data Analyst,Senior,False,r,r
5678971923,Senior Business Analyst,Data Analyst,Senior,False,r,r
5678969953,Application Analyst,Data Analyst,Mid,False,r,r
5678952104,Business Systems Manager,Other,Mid,False,r,r
5678947751,Growth and Strategy Analyst,Data Analyst,Mid,False,r,r
5678940676,Commercial EE Analyst Role,Data Analyst,Mid,False,r,r
5678933536,Risk Reporting Analyst,Data Analyst,Mid,False,r,r
5678931057,Associate Analyst,Data Analyst,Junior,False,r,r
5678922875,Senior Project Manager,Other,Senior,False,r,r
5678922069,Stock Plan Analyst,Data Analyst,Mid,False,r,r
5678921856,"Manager, Accounting & Reporting",Other,Mid,False,r,r
5678917960,Financial Analyst,Data Analyst,Mid,False,r,r
5678916296,Retail Media Reporting & Insights Analyst (REMOTE),Data Analyst,Mid,True,r,r
5678916284,Grants and Contracts Officer,Other,Mid,False,r,r
5678912236,Investor Reporting Analyst II (On-site),Data Analyst,Mid,False,r,r
5678891526,ESY ABA Behavior Technician (Behavior Therapist)-Preschool,Other,Mid,False,r|aws,r
5678891526,ESY ABA Behavior Technician (Behavior Therapist)-Preschool,Other,Mid,False,r|aws,aws
5678883501,Systems Analyst,Data Analyst,Mid,False,r,r
5678862649,Financial Reporting Analyst,Data Analyst,Mid,False,r,r
5678853959,Scheduler & Cost Analyst,Data Analyst,Mid,False,r,r
5678850238,"Analyst, Financial Reporting & Analysis",Data Analyst,Mid,False,r,r
5678850032,Design Methodology Writing Skills Developing Developer,Other,Mid,False,excel|r,excel
5678850032,Design Methodology Writing Skills Developing Developer,Other,Mid,False,excel|r,r
5678848963,"ABA Program Supervisor - Vacaville, CA",Other,Mid,False,r,r
5678847473,CLO Deal Administrator 3,Other,Mid,False,r,r
5678847080,"Data Engineer, AWS Marketing D:SE",Data Engineer,Mid,False,r|aws,r
5678847080,"Data Engineer, AWS Marketing D:SE",Data Engineer,Mid,False,r|aws,aws
5678838527,Client Analyst,Data Analyst,Mid,False,r,r
5678834236,Behavior Analyst,Data Analyst,Mid,False,r,r
5678831560,Senior Analyst Relations Manager,Data Analyst,Senior,False,r,r
5678829007,Compliance Analyst,Data Analyst,Mid,False,r,r
5678829004,External Reporting Analyst,Data Analyst,Mid,False,r,r
5678828169,Staff Financial Reporting Analyst,Data Analyst,Senior,False,r,r
5678828094,Senior Financial Analyst-Claims,Data Analyst,Senior,True,r,r
5678822684,Customer Strategy and Analytics Manager,Other,Mid,False,r,r
5678816654,Sr Accounting Reporting Analyst,Data Analyst,Mid,False,r,r
5678814447,"Wargame Planner / Analyst, Sr Stf - Suffolk, VA",Data Analyst,Mid,False,r,r
5678804472,"Director, Capital Markets and Investor Relations",Other,Mid,False,r,r
5678804224,Financial Reporting Accountant (Senior Analyst),Data Analyst,Senior,False,r,r
5678803778,HR Reporting and Analytics Analyst,Data Analyst,Mid,False,r,r
5678796111,Data Analyst (Reporting & Visualization – Contract),Data Analyst,Mid,False,sql|power bi|tableau|r,sql
5678796111,Data Analyst (Reporting & Visualization – Contract),Data Analyst,Mid,False,sql|power bi|tableau|r,power bi
5678796111,Data Analyst (Reporting & Visualization – Contract),Data Analyst,Mid,False,sql|power bi|tableau|r,tableau
5678796111,Data Analyst (Reporting & Visualization – Contract),Data Analyst,Mid,False,sql|power bi|tableau|r,r
5678783264,Talent Acquisition Manager,Other,Mid,False,r,r
5678775901,"Analyst, Financial Reporting & Analysis",Data Analyst,Mid,False,r,r
5678773748,Medical Management Analyst,Data Analyst,Mid,False,r,r
5678771551,Consulting Group Analyst,Data Analyst,Mid,False,r,r
5678767708,Text and Speech Analyst,Data Analyst,Mid,False,r,r
5678757419,"Analyst, Personal Property Tax",Data Analyst,Mid,False,r,r
5678744470,"Analyst, Financial Reporting & Analysis",Data Analyst,Mid,False,r,r
5678744108,"Analyst, Financial Reporting & Analysis",Data Analyst,Mid,False,r,r
5678733718,Cyber Defense Analyst (onsite),Data Analyst,Mid,False,r,r
5678727661,Senior Cost Analyst,Data Analyst,Senior,False,r,r
5678725462,IT Data Engineer - Level 3,Data Engineer,Mid,False,r,r
5678723492,IT Analyst - IT Epic Reporting Analyst II - Remote,Data Analyst,Mid,True,r,r
5678723414,"Sr. Analyst, FP&A - Procurement Finance",Data Analyst,Senior,False,r,r
5678723367,"Sr Analyst, Investor Relations",Data Analyst,Mid,False,r,r
5678721032,Sr Accounting Reporting Analyst,Data Analyst,Mid,False,r,r
5678715494,Data Analyst - Cybersecurity,Data Analyst,Mid,False,r,r
5678715495,Payment Integrity Senior Business Analyst - Remote,Data Analyst,Senior,True,r,r
5678714607,"Analyst, Financial Reporting & Analysis",Data Analyst,Mid,False,r,r
5678714228,HR Workday Reporting Analyst II,Data Analyst,Mid,False,r,r
5678714209,Data Analyst,Data Analyst,Mid,False,power bi|excel|r,power bi
5678714209,Data Analyst,Data Analyst,Mid,False,power bi|excel|r,excel
5678714209,Data Analyst,Data Analyst,Mid,False,power bi|excel|r,r
5678712448,FP&A Financial Analyst,Data Analyst,Mid,False,r,r
5678709183,Sr Analyst Data Analytics & Reporting,Data Analyst,Mid,False,r,r
5678708206,Lead Quality Analyst,Data Analyst,Senior,False,r,r
5678705177,Program Cost Schedule Control analyst 2/3,Data Analyst,Mid,False,r,r
5678704577,"Analyst, Critical Mineral Supply Chain",Data Analyst,Mid,False,r,r
5678703932,Contract Compliance Specialist,Other,Mid,False,r,r
5678702059,Financial Analyst,Data Analyst,Mid,True,excel|r,excel
5678702059,Financial Analyst,Data Analyst,Mid,True,excel|r,r
5678701713,"Analyst, Financial Reporting & Analysis",Data Analyst,Mid,False,r,r
5678699493,Electrical Engineering Analyst,Data Engineer,Mid,True,r,r
5678697114,Customer Strategy and Analytics Manager,Other,Mid,False,r,r
5678692574,Financial Analyst I - Video Services,Data Analyst,Mid,False,r,r
5678688294,Financial Analyst,Data Analyst,Mid,False,r,r
5678685899,Director - Operational Performance and Insights,Other,Mid,True,r,r
5678685428,Quality Control Analyst,Data Analyst,Mid,False,r,r
5678683713,Director - Operational Performance and Insights,Other,Mid,True,r,r
5678674836,Control & Reporting Analyst (Financial Reporting),Data Analyst,Mid,False,r,r
5678674094,Data Analyst Intern (Risk),Data Analyst,Mid,False,r,r
5678668362,Reporting Specialist,Other,Mid,False,excel|r,excel
5678668362,Reporting Specialist,Other,Mid,False,excel|r,r
5678660127,"Analyst, Financial Reporting & Analysis",Data Analyst,Mid,False,r,r
5678581052,"Analyst, Financial Reporting & Analysis",Data Analyst,Mid,False,r,r
5678579034,Operations Analyst,Data Analyst,Mid,False,r,r
5678570707,Payroll and Stock Administration Analyst,Data Analyst,Mid,False,r,r
5678569490,Senior Payroll Analyst,Data Analyst,Senior,False,r,r
5678567554,Subcontracts Cost Analyst,Data Analyst,Mid,False,r,r
5678566667,Senior Payroll Systems Analyst,Data Analyst,Senior,False,r,r
5678566121,"Actuarial Analyst, Senior",Data Analyst,Senior,False,r,r
5678563690,Investment Analyst,Data Analyst,Mid,False,r,r
5678540008,Director - Operational Performance and Insights,Other,Mid,True,r,r
5678531005,CLO Deal Administrator 3,Other,Mid,False,r,r
5678527991,Revenue Cycle Analyst,Data Analyst,Mid,False,excel|r,excel
5678527991,Revenue Cycle Analyst,Data Analyst,Mid,False,excel|r,r
5678516207,"Stf, Financial Mgmt",Other,Mid,False,r,r
5678516241,Financial Mgmt - Junior Level,Other,Junior,False,r,r
5678514161,"Wargame Planner / Analyst, Sr Stf - Suffolk, VA",Data Analyst,Mid,False,r,r
5678509572,Sr Data Analyst (Guidewire),Data Analyst,Mid,False,r,r
5678505245,"Analyst, Financial Reporting & Analysis",Data Analyst,Mid,False,r,r
5678504408,"Principal Analyst, Risk Management - Finance Risk Management, Control Testing",Data Analyst,Senior,False,r,r
5678504381,"Principal Analyst, Risk Management - Finance Risk Management, Control Testing",Data Analyst,Senior,False,r,r
5678503974,OPSEC Technical Analyst,Data Analyst,Mid,False,r,r
5678503038,"Principal Analyst, Risk Management - Finance Risk Management, Control Testing",Data Analyst,Senior,False,r,r
5678501717,Master Data Analyst,Data Analyst,Mid,False,r,r
5678496460,Financial Analyst 1 - ESD,Data Analyst,Mid,False,r,r
5678277762,Target Analyst Reporter (TAR),Data Analyst,Mid,False,r,r
5678265273,Financial Analyst II,Data Analyst,Mid,False,r,r
5678257211,Marketing Manager - 32326,Other,Mid,True,r,r
5678086617,Senior Financial Reporting Analyst II,Data Analyst,Senior,False,r,r
5678086163,OPSEC Technical Analyst,Data Analyst,Mid,False,r,r
5678083591,Performance Analyst/Reporting Specialist,Data Analyst,Mid,False,r,r
5678083619,Business Analyst,Data Analyst,Mid,False,r,r
5678082746,"Consumer Lending Credit Analyst Trainee, I, II, III, Senior",Data Analyst,Senior,False,r,r
5677970987,"Medicaid Financial Analyst Williston, VT (HYBRID)",Data Analyst,Mid,False,r,r
5677949575,Program Cost Schedule Control analyst 2/3,Data Analyst,Mid,False,r,r
5677947086,Senior Acquisition Policy Analyst,Data Analyst,Senior,True,r,r
5677943096,Risk Analyst (Reporting and Analytics),Data Analyst,Mid,False,r,r
5677936273,Treasury Analyst,Data Analyst,Mid,False,r,r
5677927399,"Data Analyst III, Reporting & Advanced Analytics (Part Time) - 26-33",Data Analyst,Mid,False,r,r
5677916486,Compensation Analyst,Data Analyst,Mid,False,r,r
5677912146,Financial Reporting Senior Analyst,Data Analyst,Senior,False,r,r
5677911221,"Analyst, Personal Property Tax",Data Analyst,Mid,False,r,r
5677907521,"Planning & Reporting Senior Analyst, Distribution",Data Analyst,Senior,False,r,r
5677903252,"Data Engineer, AWS Marketing D:SE",Data Engineer,Mid,False,r|aws,r
5677903252,"Data Engineer, AWS Marketing D:SE",Data Engineer,Mid,False,r|aws,aws
5677902622,Lead Data Engineer,Data Engineer,Senior,False,r,r
5677901981,Investor Relations Senior Analyst,Data Analyst,Senior,False,r,r
5677901231,Undergraduate Psychology/Other Paid Internship,Other,Mid,False,r,r
5677896419,Data Analyst - Retail,Data Analyst,Mid,False,r,r
5677893040,Collections & Accounts Receivable Manager,Other,Mid,False,r,r
5677864654,Credit Analyst Intern,Data Analyst,Mid,False,r,r
5677852399,"Commissions Analyst - Salt Lake City, UT",Data Analyst,Mid,False,r,r
5677851261,Data Analyst/Report Writer,Data Analyst,Mid,False,sql|power bi|r,sql
5677851261,Data Analyst/Report Writer,Data Analyst,Mid,False,sql|power bi|r,power bi
5677851261,Data Analyst/Report Writer,Data Analyst,Mid,False,sql|power bi|r,r
5677841221,GHG Project Analyst,Data Analyst,Mid,False,r,r
5677832234,Financial Reporting Analyst,Data Analyst,Mid,False,r,r
5677832139,Verification Technician Co-Op,Other,Mid,False,r,r
5677830184,Philanthropy Data and Reporting Analyst,Data Analyst,Mid,False,r,r
5677829938,Settlement Reporting Analyst,Data Analyst,Mid,False,r,r
5677814724,Corporate Reporting Specialist - Chief Accounting Office - Firstbank Pr,Other,Mid,False,excel|r,excel
5677814724,Corporate Reporting Specialist - Chief Accounting Office - Firstbank Pr,Other,Mid,False,excel|r,r
5677809897,Analyst Relations Manager,Data Analyst,Mid,False,r,r
5677800159,GSOC Manager - Weekends Included,Other,Mid,False,r,r
5677799777,"Director, Integrated Insights and Strategy (IIS), Obesity Lifecycle Lead",Other,Senior,False,r,r
5677799256,"Analyst, Fund Accounting",Data Analyst,Mid,False,r,r
5677799139,2026 Senior Strategic Financial Analyst,Data Analyst,Senior,False,r,r
5677798150,Master Data Analyst,Data Analyst,Mid,False,r,r
5677796604,Behavior Technician,Other,Mid,False,r,r
5677795235,"Director, Client Engagement",Other,Mid,False,excel|r,excel
5677795235,"Director, Client Engagement",Other,Mid,False,excel|r,r
5677795142,"Senior Associate, Program Management (Special Projects & Pilots)",Other,Senior,False,r,r
5677791553,Dock&Door Sales Coordinator,Other,Mid,False,excel|r,excel
5677791553,Dock&Door Sales Coordinator,Other,Mid,False,excel|r,r
5677791153,.NET Web Developer,Other,Mid,False,r,r
5677771617,Manager of Reporting & Integration,Other,Mid,False,r,r
5677771530,Financial Mgmt - Junior Level,Other,Junior,False,r,r
5677766853,"Specialist, Construction Administration",Other,Mid,False,r,r
5677763706,Certified/Licensed/BCBA with IL PEL - Board Certified Behavior Analyst (BCBA),Data Analyst,Mid,False,r,r
5677763364,Financial Analyst II,Data Analyst,Mid,False,r,r
5677759836,Application Systems Analyst III - EAM,Data Analyst,Mid,False,r,r
5677751758,Liquidity Risk Analyst II,Data Analyst,Mid,False,r,r
5677751205,Client Onboarding Sr. Analyst,Data Analyst,Senior,False,r,r
5677751204,"Manager, Corporate Compliance",Other,Mid,False,r,r
5677750974,Director of Financial Planning and Budget,Other,Mid,False,r,r
5677750965,"Manager, Sales Compensation & Reporting",Other,Mid,False,r,r
5677750437,Planning & Data Analyst,Data Analyst,Mid,False,excel|r,excel
5677750437,Planning & Data Analyst,Data Analyst,Mid,False,excel|r,r
5677745557,Marketing Application System Analyst,Data Analyst,Mid,True,r,r
5677740190,Help Desk Analyst,Data Analyst,Mid,False,r,r
5677728841,Lead Applications Programmer/Analyst,Data Analyst,Senior,False,r,r
5677726005,Financial Reporting Senior Analyst,Data Analyst,Senior,False,r,r
5677726006,Financial Reporting Senior Analyst,Data Analyst,Senior,False,r,r
5677725552,Data & Reporting Analyst - Remote,Data Analyst,Mid,True,r,r
5677722310,Data & Reporting Analyst - Remote,Data Analyst,Mid,True,r,r
5677722318,Analyst Relations Manager,Data Analyst,Mid,False,r,r
5677722119,Compensation Analyst,Data Analyst,Mid,False,r,r
5677721189,"Analyst, Financial Reporting & Analysis",Data Analyst,Mid,False,r,r
5677708381,Analyst I,Data Analyst,Mid,False,r,r
5677705224,Financial Analyst,Data Analyst,Mid,False,r,r
5679359131,Order Management Specialist,Other,Mid,True,r,r
5679359134,Order Management Specialist,Other,Mid,True,r,r
5679359085,Order Management Specialist,Other,Mid,True,r,r
5679359103,Order Management Specialist,Other,Mid,True,r,r
5679345252,Director Quality-Patient Safety,Other,Mid,False,r,r
5679345201,System Vice President HR Shared Services,Other,Mid,False,r,r
5679345092,Medical Office Assistant,Other,Mid,False,r,r
5679344780,Lead Echo Tech,Other,Senior,False,r,r
5679344786,Registered Nurse Case Manager (RN),Other,Mid,False,r,r
5679344806,Medical Lab Scientist II (MLS),Data Scientist,Mid,False,r,r
5679344776,Medical Lab Tech II (MLT),Other,Mid,False,r,r
5679344820,Registered Nurse (RN) - Trauma Performance,Other,Mid,False,r,r
5679344675,Patient Care Tech (PCT) - Concierge,Other,Mid,False,r,r
5679344652,Patient Care Tech (PCT) -Concierge,Other,Mid,False,r,r
5679344627,Medical Lab Scientist II (MLS),Data Scientist,Mid,False,r,r
5679344558,Medical Office Assistant - Ambulatory,Other,Mid,False,r,r
5679344402,Infection Preventionist,Other,Mid,False,r,r
5679344072,Clinical Practice Specialist RN-Oncology Full Time Days,Other,Mid,False,r,r
5679343164,Cardiac Catheterization Radiologic Technologist LA/OC/DOWNEY PD,Other,Mid,False,r|aws,r
5679343164,Cardiac Catheterization Radiologic Technologist LA/OC/DOWNEY PD,Other,Mid,False,r|aws,aws
5679343111,Underwriting Manager - National Accounts,Other,Mid,True,r,r
5679343099,Hospital Aide - Moanalua Medical Center - Part Time - Days,Other,Mid,False,r,r
5679343108,Hospital Aide - Moanalua Medical Center - Part Time - Night,Other,Mid,False,r,r
5679343077,Pathologists' Assistant,Other,Mid,False,r,r
5679341912,Licensed Practical Nurse LPN,Other,Mid,False,r,r
5679341620,Power BI Developer,BI Analyst,Mid,False,power bi|r,power bi
5679341620,Power BI Developer,BI Analyst,Mid,False,power bi|r,r
5679341619,Bilingual Production Lead Relief EN/SP,BI Analyst,Senior,False,r,r
5679339618,Licensed Vocational Nurse LVN Staff Nurse - Oakland,Other,Senior,False,r,r
5679337430,Quality Engineer Intern (Req : 1260),Data Engineer,Mid,False,r,r
5679337384,"Controller-FT-Exempt- Monday-Friday $112,278.40-$168,355.20 Annual Salary",Other,Mid,False,r,r
5679337349,Licensed Vocational Nurse - Acute Trauma MedSurg,Other,Mid,False,r,r
5679337300,Director of Development,Other,Mid,False,r,r
5679337234,Service Center Manager - Alternate,Other,Mid,False,r,r
5679337064,Board certified behavior analyst (BCBA),Data Analyst,Mid,False,r,r
5679336966,Director Finance Planning & Analysis (On Site Position),Other,Mid,False,r,r
5679336980,Land Surveyor,Other,Mid,False,r,r
5679336779,Land Surveyor,Other,Mid,False,r,r
5679336734,FLUID POWER ENGINEER,Data Engineer,Mid,False,r,r
5679336778,Accounts Payable Assistant Wanted,Other,Mid,False,r,r
5679336583,Land Surveyor,Other,Mid,False,r,r
5679336481,Land Surveyor,Other,Mid,False,r,r
5679331777,Outpatient Mental Health Therapist,Other,Mid,False,r,r
5679331712,Licensed Outpatient Therapist,Other,Mid,False,r,r
5679331631,Logistics Project Manager,Other,Mid,False,r,r
5679331554,Telecommunications Engineer Ii - Im Telecom,Data Engineer,Mid,False,r,r
5679331385,Outpatient Clinical Therapist,Other,Mid,False,r,r
5679331274,Clinical Supervisor - Outpatient,Other,Mid,False,r,r
5679331204,Senior Accountant,Other,Senior,False,excel|r,excel
5679331204,Senior Accountant,Other,Senior,False,excel|r,r
5679328722,"QC Inspector, Visual",Other,Mid,False,r,r
5679328710,"QC Inspector, Visual",Other,Mid,False,r,r
5679328704,"QC Inspector, Visual",Other,Mid,False,r,r
5679328717,"QC Inspector, Visual",Other,Mid,False,r,r
5679328703,"QC Inspector, Visual",Other,Mid,False,r,r
5679328716,"QC Inspector, Visual",Other,Mid,False,r,r
5679328705,"QC Inspector, Visual",Other,Mid,False,r,r
5679327793,Staff Hydrogeologist (Field Focused),Other,Senior,False,r,r
5679327510,Paramedic,Other,Mid,False,r,r
5679326968,Asset Protection Specialist Part-Time,Other,Mid,False,r,r
5679326932,LPN (Fee For Service),Other,Mid,False,r,r
5679326596,Asset Protection Specialist Part-Time,Other,Mid,False,r,r
5679317563,Packaging Associate,Other,Junior,False,r,r
5679316153,Quality Assurance RN - Providence Health System Alaska,Other,Mid,False,r,r
5679313493,Pathology Support I,Other,Mid,False,r,r
5679313505,Quality Improvement Coordinator,Other,Mid,False,r,r
5679313498,Bookkeeper / Office Manager - Jenison Area,Other,Mid,False,excel|r,excel
5679313498,Bookkeeper / Office Manager - Jenison Area,Other,Mid,False,excel|r,r
5679313494,Assistant General Manager,Other,Mid,False,r,r
5679313386,ENGINEERING TECHNICIAN-RC1,Data Engineer,Mid,False,r,r
5679313226,2026 Kidstop - Youth and Family Services Instructor,Other,Mid,False,r,r
5679313223,UWD - Call Center Representative - Confirmation Specialist,Other,Mid,False,excel|r,excel
5679313223,UWD - Call Center Representative - Confirmation Specialist,Other,Mid,False,excel|r,r
5679313038,MDS Coordinator,Other,Mid,False,excel|r,excel
5679313038,MDS Coordinator,Other,Mid,False,excel|r,r
5679313067,Mail Supervisor,Other,Mid,False,r,r
5679313047,Controller - Jenison Area,Other,Mid,False,r,r
5679312949,Sales Commission and Revenue Ops Analyst,Data Analyst,Mid,False,excel|r,excel
5679312949,Sales Commission and Revenue Ops Analyst,Data Analyst,Mid,False,excel|r,r
5679312895,Medical Education Research Manager,Other,Mid,False,excel|r,excel
5679312895,Medical Education Research Manager,Other,Mid,False,excel|r,r
5679312881,Operational Accounting Associate III,Other,Junior,False,r,r
5679312863,Speech Language Pathologist,Other,Mid,False,r,r
5679312791,"Staff Assistant II, Development",Other,Senior,False,r,r
5679310530,"Travel Medical Laboratory Technician (MLT) in Washington, DC",Other,Mid,False,r,r
5679309761,Neuro Interventional Radiology Technologist,Other,Mid,False,r,r
5679309743,Cardiac Cath Lab Radiologic Technologist,Other,Mid,False,r,r
5679296058,Electronic Imaging Technician - Radiology Support Services,Other,Mid,False,r,r
5679296050,Electronic Imaging Technician - Radiology Support Services,Other,Mid,False,r,r
5679296027,Electronic Imaging Technician - Radiology Support Services,Other,Mid,False,r,r
5679289789,Physical Therapist (FT and PT/PRN) Sign on Bonus Available,Other,Mid,False,r,r
5679286752,Health Care Nurse,Other,Mid,False,r,r
5679286388,"Communication-Change Management, Manager",Other,Mid,False,r,r
5679286370,"Communication-Change Management, Manager",Other,Mid,False,r,r
5679286061,Spanish/Chinese Triage Examiners,Other,Mid,False,r,r
5679272881,Citizens Banker,Other,Mid,False,r,r
5679272874,Citizens Banker,Other,Mid,False,r,r
5679272875,Citizens Teller,Other,Mid,False,r,r
5679272791,Food Safety & Quality Assurance Technician (E/S RAW),Other,Mid,False,r,r
5679264466,Bankruptcy Manager,Other,Mid,False,r,r
5679264327,SAP GRC Administrator,Other,Mid,False,r,r
5679264315,Insurance Analyst/Associate-Insurance & Risk Specialist - Legal Dept - Rye New York,Data Analyst,Junior,False,r,r
5679264249,Power BI Engineer,Data Engineer,Mid,False,r|spark,r
5679264249,Power BI Engineer,Data Engineer,Mid,False,r|spark,spark
5679264248,Sr. Program Analyst - ITSM (VA ESOM),Data Analyst,Senior,False,r|spark,r
5679264248,Sr. Program Analyst - ITSM (VA ESOM),Data Analyst,Senior,False,r|spark,spark
5679264211,Plant Continuous Improvement Manager,Other,Mid,False,r,r
5679264206,Assistant Store Manager,Other,Mid,False,r,r
5679264198,Assistant Store Manager,Other,Mid,False,r,r
5679264205,Assistant Store Manager,Other,Mid,False,r,r
5679264197,Assistant Store Manager (Bilingual),BI Analyst,Mid,False,r,r
5679264204,Assistant Store Manager,Other,Mid,False,r,r
5679264140,Health & Safety Coordinator II,Other,Mid,False,r,r
5679264030,Field Support Specialist,Other,Mid,False,r,r
5679264024,Quality Control Field Technician - Notus,Other,Mid,False,r,r
5679263464,General Education Teacher,Other,Mid,False,excel|r,excel
5679263464,General Education Teacher,Other,Mid,False,excel|r,r
5679263459,Analytical Development Scientist - Proteomics (Contract),Data Scientist,Mid,False,r,r
5679263359,Program Management Analyst,Data Analyst,Mid,False,r,r
5679262660,Ground System Coordinator,Other,Mid,False,r,r
5679262379,"Director, Client Strategy",Other,Mid,False,r,r
5679261866,Operations Excellence Engineer,Data Engineer,Mid,False,r,r
5679260717,Education Manager 3,Other,Mid,False,r,r
5679260718,Admissions & Enrollment Coordinator (Program Technician 1),Other,Mid,False,r,r
5679260689,Retail Merchandising Specialist,Other,Mid,False,r,r
5679260614,"Risk Manager, Mountainside",Other,Mid,False,r,r
5679260501,"MEDICAL ASSISTANT/BACK OFFICE I, II or III – INFUSION CENTER/ONCOLOGY CLINIC",Other,Mid,False,r,r
5679260337,Staffing Coordinator,Other,Senior,False,r,r
5679260318,PATIENT REGISTRATION REP,Other,Mid,False,r,r
5679260299,System Vice President HR Shared Services,Other,Mid,False,r,r
5679260293,Director Quality-Patient Safety,Other,Mid,False,r,r
5679260203,Pharmacy Tech,Other,Mid,False,r,r
5679259942,Sr Salesforce Analyst III,Data Analyst,Mid,False,r,r
5679258958,Forward Deployed Engineer,Data Engineer,Mid,False,r,r
5679258660,Strategic / Founding Business Development Representative,Other,Mid,False,r,r
5679258584,Office Administrator,Other,Mid,False,r,r
5679258153,Cyber Security Operations Controller III,Other,Mid,False,r,r
5679258155,CND Analyst,Data Analyst,Mid,False,r,r
5679258082,Enloe High School - 412,Other,Mid,False,r,r
5679258073,Transportation - 880/980,Other,Mid,False,r,r
5679257837,Clinical Data Specialist II,Other,Mid,False,r,r
5679257652,"Development Director, School Engagement",Other,Mid,False,r,r
5679257407,Systems & Operations Manager - Multifamily,Other,Mid,False,excel|r,excel
5679257407,Systems & Operations Manager - Multifamily,Other,Mid,False,excel|r,r
5679257317,Associate Project Scheduler,Other,Junior,False,r,r
5679257052,International - Deepwater Ballast Control Operator,Other,Mid,False,r,r
5679257046,Entry-Level Environmental Cartography Professional,Other,Junior,False,r,r
5679257008,RN Clinician / Ortho,Other,Mid,False,r,r
5679257007,Operating Room Registered Nurse,Other,Mid,False,r,r
5679256993,Nursing Professional Development Practitioner,Other,Mid,False,r,r
5679256990,Recovery Room Registered Nurse,Other,Mid,False,r,r
5679256968,CVOR Registered Nurse,Other,Mid,False,r,r
5679256973,Operating Room Registered Nurse,Other,Mid,False,r,r
5679256938,Cardiovascular Operating Room Registered Nurse,Other,Mid,False,r,r
5679256922,Clinical Research Coordinator I- Winship Cancer Institute,Other,Mid,False,excel|r,excel
5679256922,Clinical Research Coordinator I- Winship Cancer Institute,Other,Mid,False,excel|r,r
5679256917,Clinical Research Data Coordinator II- Winship Cancer Institute,Other,Mid,False,excel|r,excel
5679256917,Clinical Research Data Coordinator II- Winship Cancer Institute,Other,Mid,False,excel|r,r
5679256920,"The Carter Center: Sr. Associate Director, Development Systems, Development",Other,Senior,False,excel|r,excel
5679256920,"The Carter Center: Sr. Associate Director, Development Systems, Development",Other,Senior,False,excel|r,r
5679256903,"Manager, Language Access Services",Other,Mid,False,excel|r,excel
5679256903,"Manager, Language Access Services",Other,Mid,False,excel|r,r
5679256796,Lead Generator Rep,Other,Senior,False,r,r
5679256709,Care Coordination Specialist,Other,Mid,False,r,r
5679256553,"Manager, R&D Data Center",Other,Mid,False,r,r
5679256499,"Therapy Program Manager $3,000 Sign on Bonus",Other,Mid,False,r,r
5679256144,Customer Service Representative,Other,Mid,False,excel|r,excel
5679256144,Customer Service Representative,Other,Mid,False,excel|r,r
5679255981,Human Resources Manager,Other,Mid,False,r,r
5679255487,Physician Assistant - Gender Care,Other,Mid,False,r,r
5679255412,Licensed Vocational Nurse (LVN) - FT Nights | Heritage Valley Specialty,Other,Mid,False,r,r
5679255448,Licensed Practical Nurse (LPN/LVN) - PT Days | Heritage Valley Specialty,Other,Mid,False,r,r
5679255450,Licensed Vocational Nurse (LVN) - FT Nights | Ocoee Rehab,Other,Mid,False,r,r
5679255343,Licensed Practical Nurse - PRN Days | Dayton LTACH,Other,Mid,False,r,r
5679255354,Licensed Practical Nurse (LPN/LVN) - PRN Days | Pittsburgh Specialty,Other,Mid,False,r,r
5679255335,Licensed Practical Nurse (LPN/LVN) - PRN Days | Georgetown Rehab,Other,Mid,False,r,r
5679255330,Licensed Practical Nurse (LPN/LVN) - PT Nights | Wilkes-Barre Specialty,Other,Mid,False,r,r
5679255252,"Residential Manager - Caregiving Facility - Antelope, CA - Full-Time",Other,Mid,False,r,r
5679255257,"Residential Manager - Caregiving Facility - Yuba City, CA - Full-Time",Other,Mid,False,r,r
5679255214,Account Manager of Client Services / Skilled Nursing / Long-Term Care Pharmacy Services,Other,Mid,False,r,r
5679255217,Client Assessor,Other,Mid,False,r,r
5679255206,RESIDENTIAL MANAGER,Other,Mid,False,r,r
5679255076,Data and AI Governance Manager,Other,Mid,True,r,r
5679255013,Patient Access Data Entry Specialist,Other,Junior,False,r,r
5679254900,Air Permitting & Compliance Analyst,Data Analyst,Mid,False,r,r
5679254001,SENIOR ACCOUNTANT,Other,Senior,False,r,r
5679253390,Driver Supervisor,Other,Mid,False,r,r
5679252792,Environmental Compliance Specialist,Other,Mid,False,r,r
5679252801,Project Coordinator,Other,Mid,False,r,r
5679252595,Army Logistics SME,Other,Mid,False,r,r
5679251650,Infection Preventionist I FT Days,Other,Mid,False,r,r
5679249725,Electrical Engineer 3 - Nuclear,Data Engineer,Mid,True,r,r
5679249253,Human Resources Manager,Other,Mid,False,r,r
5679248800,Greeter PD - Per Diem - Day,Other,Mid,False,r,r
5679248782,Clinical Data Coordinator,Other,Mid,False,r,r
5679248697,"Outcomes Analyst, Womens Services",Data Analyst,Mid,False,r,r
5679248466,Banquets | Event Operations and Labor Management Coordinator,Other,Mid,False,r,r
5679248455,Employee Relations Specialist,Other,Mid,False,r,r
5679248427,"Associate Director, New York City- Talent Pipeline",Other,Junior,False,r,r
5679248416,"Program Manager, Enterprise Product & Platform",Other,Mid,True,r,r
5679248162,Risk Management Specialist,Other,Mid,False,r,r
5679248026,Customer Service Representative (Part-Time),Other,Mid,False,r,r
5679247951,Digital Product Manager Lead,Other,Senior,False,r,r
5679247548,Digital Product Manager Lead,Other,Senior,False,r,r
5679247115,Digital Product Manager Lead,Other,Senior,False,r,r
5679247091,Digital Product Manager Lead,Other,Senior,False,r,r
5679247088,Digital Product Manager Lead,Other,Senior,False,r,r
5679246964,Director of Sales,Other,Mid,False,r,r
5679246799,Workforce Management Industrial Engineer,Data Engineer,Mid,False,r,r
5679246706,Digital Product Manager Lead,Other,Senior,False,r,r
